원조닭한마리,0.8181818181818182,0.18181818181818182,22,18,4,"맛있어요 국물도, 맛있어서 가시는건가요  대충먹고, 정말 맛있어서, 맛있어서 가시는건가요, 맛은 있다  사람도, 맛은 있다, 맛있어요 국물이 짱임, 무난무난 맛있어요, 맛있어요 국물이, 맛있어요   진짜 국물이, 너무 맛있어요, 맛있어요   진짜, 여전히 맛있고, 먹어보니 맛있네요, 맛있네요 담백해요, 맛있죠   맛은 있어요, 맛있죠   맛은, 있어요  맛만, 맛있죠   맛은, 맛은 있어요, 맛있어요 국물도, 맛있어서 가시는건가요  대충먹고, 정말 맛있어서, 맛있어서 가시는건가요, 맛은 있다  사람도, 맛은 있다, 맛있어요 국물이 짱임, 무난무난 맛있어요, 맛있어요 국물이, 맛있어요   진짜 국물이, 너무 맛있어요, 맛있어요   진짜, 여전히 맛있고, 먹어보니 맛있네요, 맛있네요 담백해요, 맛있죠   맛은 있어요, 맛있죠   맛은, 있어요  맛만, 맛있죠   맛은, 맛은 있어요","맛도별로  김치는 중국산, 가격비싸  맛도별로, 맛도별로  김치는, 맛도별로  김치는 중국산, 가격비싸  맛도별로, 맛도별로  김치는",맛,맛
논골집 포이점,0.0,1.0,1,0,1,,"맛없어서 바로 뺏구요, 국수 맛없어서, 맛없어서 바로",,맛
리엔,0.8181818181818182,0.18181818181818182,11,9,2,"최고다  동네 깊숙히, 정말 최고다, 최고다  동네, 사장님 직원들 친절하고, 직원들 친절하고, 맛있네요 개포로 골목, 맛이 좋아 다녀오며, 탕수육이 맛있네요, 맛있네요 개포로, 맛이 좋아, 맛 가성비 최고예요, 가성비 최고예요, 직원분 친절도, 가히 최고의, 최고의 중국음식점이라고","정신없는 직원들, 맛 없다 탕수육","사장, 직원, 맛","직원, 맛"
밀란국수 개포본점,0.875,0.125,8,7,1,"음식이 맛있습니다, 맛있습니다  하지만, 너무 맛있어요, 맛있어요  건강해졌어요, 맛 그자체 개맛있음, 만두 맛있음, 육수가 맛있음, 칼국수집중 최고인듯, 샤브샤브 맛있고, 맛있구요 주차도되요, 음식은 항상 깔끔하고, 맛있었어요   밀란음식은 항상, 너무너무 맛있었어요, 맛있었어요   밀란음식은",일을 하지 않는다면,"음식, 맛",일을
황금돼지,1.0,0.0,1,1,0,"맛있구여   다 짤라주시고, 맛있습니다  양이 좀, 맛있어서  얼마전 점심에, 보다 맛있구여, 맛있구여   다, 맛있습니다  양이, 맛있어서  얼마전",,맛,
원조소금구이,0.8571428571428571,0.14285714285714285,7,6,1,"맛있는 식당중에
맛집수준이, 맛있는 식당중에, 고기가 맛있고, 신선해서 자주 갑니다, 신선해서 자주, 사장님 두분이 친절하게, 넘넘 맛있었어요, 맛있구 된장찌개 너무, 너무 맛있어요, 맛있구 된장찌개",맛난 소금구이집을 못가봤던지,"사장, 맛",맛
김명자낙지마당 개포점,1.0,0.0,1,1,0,낙지만두가 맛있고,,맛,
춘천명물닭갈비 1호점,1.0,0.0,5,5,0,"너무 맛있어요, 맛있어요   막국수도, 항상 맛있습니다, 쓰네요   맛있어요, 맛있어요 최고",,맛,
김수사,0.47058823529411764,0.5294117647058824,17,8,9,"당연히 맛있고, 서비스는 나름 친절했고, 맛있었습니다  비린내도, 맛은 있으나 여직원들, 맛은 있으나, 맛있네요  룸에서 식사했는데, 맛있네요  룸에서, 훌륭하나 분위기는","사장이 신경안쓰는 가게인듯, 사장이 신경안쓰는, 비추  맛없고, 최악의 서비스가, 아쉽다 서비스는, 없는 서비스를, 안겪는 서비스를, 최악의 서비스다, 최악의 서비스가, 아쉽다 서비스는, 없는 서비스를, 안겪는 서비스를, 최악의 서비스다, 다시는 안갈 최악의, 다시는 안갈, 음식 날라주면서 정신없이, 안되네요
사장님","서비스, 분위기, 맛","가격, 서비스, 맛, 음식, 사장"
신사뻘낙지,0.6,0.4,5,3,2,"서비스 짱짱   다음에는, 너무 맛있고, 진짜 맛있음","맛이 별로지만, 사장이 좀 불친절한데","서비스, 맛","사장, 맛"
한성칼국수,0.7272727272727273,0.2727272727272727,11,8,3,"최고의 소고기 수육, 최고의 소고기, 정말 맛있습니다, 넘모 맛있잖아, 맛있잖아     강원도, 맛있어서   쫘증나, 맛은 있지만, 너무 부드럽고, 맛은 좋으나 양이, 맛은 좋으나, 음식이 깔끔하고","맛없습니다 

육수는 밍밍하고, 정말 맛없습니다, 맛없습니다 

육수는, 맛은 없는데, 맛은 나쁘지 않다","음식, 맛",맛
봉산집,0.0,1.0,2,0,2,"서비스가 좋아야 음식이, 서비스가 좋아야","서비스가 완전 별로에요, 없어요    

서비스가, 직원이 주문을 안, 서비스 최악   저는",서비스,"직원, 서비스"
불이아 강남점,0.6,0.4,5,3,2,"서비스가 더 만족스러움, 맛있어요
다들 팥빙수는, 말고는 맛있게, 맛있어요
다들, 고소한 맛이 진하게, 특유의 고소한, 고소한 맛이, 맛은 있어요   근데, 맛은 있어요","맛이 없는데, 서비스가 너무 별로였어서, 서비스가 너무 별로였어서","서비스, 맛","가격, 서비스, 맛"
한우리한정식,1.0,0.0,1,1,0,정갈한 맛집,,,
청담소 논현점,1.0,0.0,2,2,0,"직원분들이 친절하시고, 맛있는 곳  곱창을, 대창이 맛있는, 맛있는 곳, 고소한 대창이 맛있는, 양과 고소한, 고소한 대창이",,"직원, 맛",
배정철 어도,0.6666666666666666,0.3333333333333333,3,2,1,"신선한 해산물  추천, 느껴지는곳  신선한, 신선한 해산물, 맛있네요    하나하나 정성이, 다 맛있어요, 너무 맛있네요, 맛있어요 점심정식, 맛있네요    하나하나",,맛,
두릉도원북촌순두부,0.0,1.0,1,0,1,,맛대가리 없고,,맛
유장원보쌈,1.0,0.0,1,1,0,지금은 맛있지만,,맛,
취영루 논현점,0.6,0.4,10,6,4,"맛은 좋으나 전체적으로, 맛은 좋으나, 맛볼 수 있어서, 정말 맛있어요, 다 맛있게, 요기로는 최고지만, 맛있는 곳  이집을, 짜장이 맛있는, 맛있는 곳","맛까지는 아니지만, 다시 생각나진 않을, 맛집이 아닌것으로  조미료를, 맛집이 아닌것으로, 다시 생각나진 않을, 맛집이 아닌것으로  조미료를, 맛집이 아닌것으로",맛,맛
육갑식당 논현직영점,1.0,0.0,9,9,0,"서비스랑 친절함이 최고였어요, 서비스랑 친절함이, 친절함이 최고였어요, 서비스 많아  추천, 직원분들 센스 대박, 직원분들 센스, 너무 맛있게, 직원분들  최고의고기  센스있는, 친절한 직원분들, 최고의고기  센스있는 서비스, 직원분들  최고의고기, 최고의고기  센스있는, 맛잇어요 친절해요 좋어용, 최고의 지점이에요  맛도, 최고의 지점이에요",,"직원, 서비스, 맛",
해랑,0.75,0.25,8,6,2,"정말 맛있음, 직원분들이 친절히 해체, 직원분들이 친절히, 정말 맛있다, 맛있다  비싼게, 가서 맛있게, 맛있다 야채는 보기, 많이 맛있다, 맛있다 야채는, 맛있다 야채는 보기, 많이 맛있다, 맛있다 야채는","맛집은 아닌듯, 사장이 매우 불친절하고, 다시는 안갑니다","직원, 맛","사장, 맛"
남서울민물장어,0.6666666666666666,0.3333333333333333,3,2,1,"진짜 맛있어요, 맛있옹  찬이 엄청, 장어  맛있옹, 맛있옹  찬이",맛이라 그나마 위안이,맛,맛
토담골 논현점,0.6666666666666666,0.3333333333333333,3,2,1,넘 맛있었어요,맛은 없음,맛,맛
단스시 논현본점,0.5,0.5,8,4,4,"스시는 싱싱하고, 직원분들 너무 친절하심, 진짜 맛있고, 서비스는 좋다 계속, 서비스는 좋다","진짜 맛없어요, 맛없어요      분위기도, 없어보이시는 사장님의","직원, 서비스, 맛","사장, 맛"
임피리얼팰리스 패밀리아,0.0,1.0,1,0,1,,,,
크래버대게나라 강남점,0.96,0.04,25,24,1,"서비스 음식 훌륭하공, 서비스 훌륭하공 기분, 정갈하니 좋아요, 킹크랩 맛있게, 정갈하니 맛있게, 정갈하니 맛있게, 많아야 맛있는, 맛있는 듯, 서비스가 너무 좋아서, 많구용 맛있습니다, 서비스 정말 좋습니다, 서비스 만족 대게랑, 꽤 맛있었어요, 분위기 예쁘네요  대게코스, 맛있궁  대게는 대게대로, 맛있어서 잘 먹고, 랍스타대로 맛있궁, 대게대로 맛있어서, 맛있궁  대게는, 맛있어서 잘, 맛있공 캐쉬백까지 기분, 맛있공 캐쉬백까지, 직원분의 친절 인사에, 직원분의 친절, 분위기 완전 좋아, 맛있어 지금 할인도, 완전 맛있어, 더 맛있게, 맛있어 지금, 분위기가 고급스럽고, 고급  분위기도, 너무 맛있게, 맛있는 음식앞에 장사, 데이트  맛있는, 맛있는 음식앞에, 맛있기로야  쵝오, 직원분의 친절한 응대, 직원분의 친절한, 나오네요  맛있게, 분위기가 좋아서 손님, 분위기가 좋아서","음식앞에 장사 없네요, 맛이 전혀 없고","직원, 서비스, 분위기, 맛","음식, 맛"
아리양,0.9166666666666666,0.08333333333333333,12,11,1,"다 신선하고, 맛있어보여서 꼭 먹어봐야겠어요, 맛있어요  양대창도, 맛있어보여서 꼭, 최고급 특양과 대창을, 가서 최고급, 최고급 특양과, 좋았어요  맛도, 맛있어요 또갈거임, 최고의 맛집, 최고의 맛집, 양밥 최고에요, 맛있는 묵사발 제공되고, 맛있는 묵사발, 맛있어서 감사합니다, 맛있는 묵사발 제공되고, 맛있는 묵사발, 맛있어서 감사합니다",,맛,
명동관,0.9375,0.0625,32,30,2,"맛있네요  담엔 가족들, 정말 맛있네요, 맛있네요  담엔, 괜찮네요    맛있어요, 기분이에요  맛있게, 맛있네요 다음엔 부모님, 진짜 맛있네요, 맛있네요 다음엔, 맛있어요 정성 들여, 갈비탕 맛있어요, 맛있어요 정성, 음식 맛있어요, 미숫가루는 맛있어요, 엄청 맛있음, 통통하니 맛있음, 너무 부드럽고, 쫄깃 맛있음, 맛있어요 국물이랑 같이, 맛있어요 국물이랑, 너무 맛있게, 진짜 맛있게, 진짜 맛있음, 최고임  밥 슥슥, 꼬막무침이 최고임, 최고임  밥, 정갈해서 맛있네요, 정갈해서 맛있네요, 맛있어서 이틀연속 점심으로, 너무 맛있어서, 맛있어서 이틀연속, 너무 맛있게먹었음, 신선함  육수 끓으니살아있는, 정말 신선함, 신선함  육수, 정말 맛있네요, 맛있네요  비벼먹는게, 너무 부드럽고, 아주 맛좋습니다, 맛좋습니다  다음, 배불리 맛있게, 정말 맛있게, 너무 맛있었구요, 맛있었구요  찬절하고, 전복 맛있게, 가서 신선하고, 정말 맛있게, 맛이 있었고, 맛있었어요  자주 애용하고, 정말 맛있었어요, 맛있었어요  자주, 맛있었어요  다음, 전통있는 맛집답게, 정말 맛있네요, 최고급이네요 디저트로 미숫가루슬러쉬도, 고기 최고급이네요, 최고급이네요 디저트로, 만두전골 맛있어요",없이 부드럽고,맛,
빕스 도곡역점,0.6666666666666666,0.3333333333333333,3,2,1,"직원들은 친절해요, 맛있어요 할인 받고, 진짜 맛있어요, 맛있어요 할인",레알 맛없음,"직원, 맛",맛
마산아구찜탕,1.0,0.0,1,1,0,역시 맛있었습니다,,맛,
아웃백스테이크하우스 도곡점,0.7142857142857143,0.2857142857142857,7,5,2,"직원분들 너무 친절하세요, 직원분들 너무 친절하시고, 다 맛있어요, 직원분들 모두 친절합니다, 맛있어요  스테이크 굽기에, 맛있어요  스테이크","음식은 아니지만, 직원들 교육을 안하는","직원, 맛","음식, 직원"
백마김씨네 도곡본점,0.8,0.2,15,12,3,"맛있어요  부모님 모시러, 정식 맛있어요, 맛있어요  부모님, 직원들의 친절한 응대가, 직원들의 친절한, 정갈한 음식과 변치, 항상 정갈한, 정갈한 음식과, 너무 맛있어요, 맛있어요   모임하기도, 맛있어서 추석때 집에, 너무 맛있어서, 맛있어서 추석때, 샤브집중 최고였네요, 최고였네요 보리굴비도, 사장님 너무 친절하세요, 맛있어서 집에 식구들, 진짜 맛있고, 너무 맛있어서, 맛있어서 집에, 정식 맛있었어요, 맛있는 음식  깨끗한, 음식과 맛있는, 맛있는 음식, 늘 정갈하고, 최고예요 
양념갈비랑 보리굴비, 가본곳중 최고예요, 최고예요 
양념갈비랑, 고기 맛있어요, 맛은 있었어요, 맛있어여 반찬도","음식과 변치 않는, 맛 특별함 없고, 서비스가 최악이라 너무, 서비스가 최악이라","사장, 직원, 맛","음식, 서비스, 맛"
하동관 강남분점,0.4117647058823529,0.5882352941176471,17,7,10,"고소한 내포     짚고, 씹을수록 고소한, 고소한 내포, 설렁탕 최고집이였는데, 맛있습니다 곰탕 이상의, 그대로 맛있습니다, 맛있습니다 곰탕, 맛있는 음식을 먹으러, 배고파서 맛있는, 맛있는 음식을, 신선설농탕이나 가야겠다 이제, 신선설농탕이나 가야겠다, 맛있던 집  아, 가장 맛있던, 맛있던 집, 맛은 있는데, 맛있다  아   깍두기, 맛있다  아","음식상태가 안좋습니다  코로나로, 음식상태가 안좋습니다, 맛이납니다    절대안갑니다, 맛이 안남, 그와중에 맛없음, 맛집 예전맛이 아니네요, 김치마저 맛없음, 음식맛은 아니에요  재방문은, 안할듯  음식점을, 음식맛은 아니에요, 맛은 아니에요  재방문은, 맛은 아니에요, 맛집은 많다오   안가면, 맛이 진하지않아요
맛이, 진하지않아요
맛이, 맛이 진하지않아요, 음식이 뜨겁지가 않고, 맛없네요   별 하나도, 진짜로 맛없네요, 맛없네요   별",맛,"음식, 맛"
의령전원,1.0,0.0,3,3,0,"서비스 육회는 최고네요, 맛있는  집으로 밥먹고, 우리에게는 맛있는, 맛있는  집으로, 맛있는 밥집, 육회는 최고네요, 최고네요 삼겹살도",,"서비스, 맛",
반룡산,0.7619047619047619,0.23809523809523808,21,16,5,"욕나온다  맛있다고, 맛있어요 가까이에 있었다면, 다 맛있어요, 맛있어요 가까이에, 만두 맛있음, 최고예요    특히 비냉, 최고예요    특히, 시원하니 맛있네요, 맛은 좋았지만, 너무 맛있다, 맛있다    만두도, 맛있네요   발렛주차돼요, 깍두기는 맛있고, 국물은 맛있으며, 맛있었다  다음에는 회냉면을, 맛있었다  다음에는, 함흥음식 맛있음, 다시 방문해 여러개, 맛있는 국밥 
갈비탕의, 나름 맛있게, 맛있는 국밥, 가릿국밥 맛있음, 최고의육수  훌륭한 재료, 최고의육수  훌륭한, 정말 맛있고, 순으로 맛있었음","서비스는 별로고, 굳이 여기까지 갈까",맛,서비스
진대감 선릉점,0.9,0.1,60,54,6,"사장님 친절하세요 단골임, 사장님 친절하세요, 너무 맛있습니다, 맛있습니다    친절하시고요, 맛있습니다 생일 기념, 맛있습니다 생일, 너무 맛있어요, 맛있어요   사장님도, 맛있어요 사장님 적게, 진짜 맛있어요, 맛있어요   사장님도, 맛있어요 사장님, 직원분들이 친절하게, 맛있어서 정말 자주, 너무 맛있어서, 맛있어서 정말, 맛있는건 물론이고, 맛있다  차돌박이 관자, 맛있다  차돌박이, 사장님 전부 친절, 맛있는건 기본이고, 너무 맛있습니다, 맛있습니다 강추강츄, 맛잘알 고수느낌     최고에요, 진짜 맛있게, 고수느낌     최고에요, 서비스    맛에  친절까지, 맛있게잘해주셔서 잘먹고왔습니다    재방문의사, 맛있게잘해주셔서 잘먹고왔습니다, 맛있어서 추가로 시켰는데, 볶음밥 맛있음, 아쉬움   맛있긴함, 맛있어서 추가로, 너무나 맛있어용, 맛있어용  음식도, 맛있습니다 회식 장소로도, 넘 맛있습니다, 맛있습니다 회식, 볶음밥까지 최고에요, 최고에요 고기도, 너무 맛있고, 완전 맛있고, 맛있어용   다음에 또, 완전 맛있어용, 맛있어용   다음에, 친절하셔서 맛있게, 맛볼 수 있게, 진짜맛집인정입니다  서비스도좋고, 분위기도참좋네요 맛잇게먹고가네요, 식당직원들분위기도참좋네요 맛잇게먹고가네요, 맛집인정입니다  서비스도좋고, 맛있어요 고기  구워주시며, 맛있었어요 또 먹으러, 삼합  맛있어요, 아주  맛있었어요, 맛있어요 고기, 맛있었어요 또, 넘 맛있더라고요, 맛있더라고요  사장님도, 존    맛있서, 크 맛있다, 사장님이 너무 친절하고, 사장님 조용하시고친절하세요, 맛있어욤 미모의사장님 조용하시고친절하세요, 맛있어욤 미모의사장님, 사장님이 친절하세요 한점한점, 사장님이 친절하세요, 맛있어요 단골각 입니다, 맛있게먹으면서 힐링했네요  진대감, 너무 맛있고, 너무 맛있어요, 진짜 맛있게먹으면서, 맛있어요 단골각, 맛있게먹으면서 힐링했네요, 맛있어요   최근에 먹은, 너무너무 맛있어요, 최고네요  맛집, 맛있어요   최근에, 최고네요  맛집 잘, 차돌중에 최고네요, 최고네요  맛집, 최고에요   짱 친절, 완전 최고에요, 최고에요   짱, 진짜 맛있어요, 맛있어요 친구랑도, 최고입니다  진대감 선릉점, 최고입니다  진대감, 맛있어요    고기가 살살, 완전 맛있어요, 맛있어요    고기가, 맛입니다 삼합 좋아하는, 맛있어서 다시 간곳이에요, 너무 맛있어서, 맛있어서 다시, 직원 모두 친절하시구, 너무 맛있어용, 맛있어용 최고, 사장님이 친절하고, 사장님 친절한 직원들, 사장님 친절한, 친절한 직원들, 넘친절하시구  맛은최고루맛있어요, 구워올려주시니까 맛있고, 사장님과 직원들의 친절함에, 직원들의 친절함에 한번, 직원들의 친절함에, 정말 최고에요, 맛있어요 구워주실때마다 다른조합으로, 너무 맛있어요, 맛있어요 구워주실때마다, 맛있네요  사장님이 직접, 너무 맛있네요, 맛있네요  사장님이, 맛있었어요   또 생각나는맛, 맛있었어요   또, 생각나는맛 최고에요, 맛있어용  대기가 항상, 너무 맛있어용, 다 맛있고, 너무 맛있었더라고요, 맛있어용  대기가, 맛있었더라고요    둘이서","직원분 할것 없이, 맛집 잘 안믿는데, 맛  말이 필요없는, 후회안함 사장님과, 맛을 잊을수가없네요, 안되죠
음식이","서비스, 직원, 맛, 사장, 분위기","사장, 직원, 음식, 맛"
청자골,0.7272727272727273,0.2727272727272727,11,8,3,"맛있어요 유명한 이유가, 진짜 맛있어요, 진짜 맛있어요, 맛있어요 유명한, 신선하네요 맛도, 사장님은 친절하시겠지만, 맛있습니다  또 방문할, 너무 맛있습니다, 맛있습니다  또, 최고입니다 육사시미 존맛탱, 최고입니다 육사시미, 맛있어요  한우모둠이랑 친절하게, 삼합 맛있어요, 맛있어요  한우모둠이랑, 진짜 맛있음, 반찬들은 정갈하게, 맛있었어요  다행히 애들이, 맛있었어요  다행히","서비스가 엉망이에요  주문도, 서비스가 엉망이에요, 음식 주문 못한다고, 사장이 없어서 그런지, 사장이 없어서","사장, 맛","음식, 서비스, 사장"
남산희래등,1.0,0.0,2,2,0,"최고의 중국집 인근, 대치동 최고의, 최고의 중국집, 정말 맛있습니다",,맛,
강남수랏간,1.0,0.0,1,1,0,맛있어요 양념갈비도,,맛,
최가네버섯샤브매운탕칼국수 대치점,0.8,0.2,5,4,1,"맛있네용  배 엄청, 같아용 맛있네용, 맛있네용  배, 맛있어서 한번 가면, 맛있어서 남은 국물에, 넘 맛있어서, 너무 맛있어서, 맛있어서 한번, 맛있어서 남은, 맛있어요 항상 강남이나, 너무 맛있어요, 맛있어요 항상",없는 맛집,맛,맛
창포손만두,0.8,0.2,5,4,1,"만두가 맛있었어요, 간이 딱 맞기, 간이 딱, 맛있습니다  코다리 발효, 맛있었습니다  그래서 다른, 봅니다  맛있습니다, 식감이라 맛있어요, 좋아할 맛입니다, 맛있습니다  코다리, 맛있어요  양념도, 맛있었습니다  그래서, 맛은 좋지만, 코다리 맛있었음",,"간, 맛",
용수사,1.0,0.0,1,1,0,너무 맛있습니다,,맛,
하이보,0.0,1.0,4,0,4,,"맛없는 딤섬 하나에, 고향만두보다 맛없는, 맛없는 딤섬, 너무 맛이없음, 별로 서비스도, 별로 맛도",,"서비스, 맛"
대한민국,1.0,0.0,1,1,0,"맛있어요  맛집추천, 맛있어요  맛집추천",,맛,
우래옥 강남분점(휴업중),0.125,0.875,8,1,7,"서비스가 좋긴하지만, 맛이 나서 좋아요","직원들 불친절, 별로 서비스가, 별로 서비스가, 맛에는 슴슴해서 별로, 간장향이 너무 강하다, 직원분들 불친절하고, 맛이 별로다","서비스, 맛","가격, 서비스, 직원, 간, 맛"
코너스톤 파크하얏트서울점,0.875,0.125,8,7,1,"맛은 좋음, 서비스 좋았어요 감사합니다, 맛있어요   요리사님분들 너무, 맛있구요   너무 너무, 너무너무 맛있어요, 너무 맛있고, 너무 맛있구요, 더 맛있게, 맛있어요   요리사님분들, 맛있구요   너무, 음식은 맛있는데, 더 맛있을, 맛있을 지경, 너무 맛있게, 스테이크는 맛있음",결론   맛이없으면,"서비스, 맛",맛
임고집한우 본점,1.0,0.0,2,2,0,"맛있네요  이제 싸구려, 정말 맛있네요, 맛있네요  이제, 맛있네요  이제 싸구려, 정말 맛있네요, 맛있네요  이제",,맛,
중앙해장,0.7529411764705882,0.24705882352941178,85,64,21,"맛있긴합니다    내장탕 곱창전골만, 국물은 맛있긴합니다, 맛있긴합니다    내장탕, 진짜 맛있어요, 맛있어요  야채추가하고, 살아있다   맛은, 맛은 있지만, 맛은 있는데, 직원분들까지 친절한 찐맛집입니다, 직원분들까지 친절한, 듬뿍있어서 맛있었어요, 매우 맛있음, 맛있을 거 같은데, 더 맛있다고, 좋으니 맛있을, 맛있을 거, 신선한 양선지를 푸짐하게, 비싼만큼 신선한, 신선한 양선지를, 엄청 맛있나, 맛있나 기대했는데, 맛있다    단점은   언제나, 맛있다    단점은, 전체적으로 정갈하고, 맛있어요     근데, 맛은 맛있어요  하지만, 맛은 맛있어요, 다 맛있어요, 너무너무 맛있게, 맛있어요  자극적이지, 먹어요  신선하고도, 맛있었어요 담에는 또, 맛 정말 맛있었어요, 정말 맛있었어요, 맛있었어요 담에는, 고소한맛 정말 맛있었어요, 고소한맛 정말, 직원분들 너무 친절하고, 싱싱한 쑥갓과 더불어, 있다  싱싱한, 싱싱한 쑥갓과, 식감이 부드럽고, 맛있었다 둘다 내용물은, 훨씬 맛있었다, 맛있었다 둘다, 압도적으로 맛있고, 맛있는 내장탕  곰창전골, 재일 맛있는, 맛있는 내장탕, 맛있다  
부속물이 너무, 선지해장국이 맛있다, 특별히 맛있다고, 맛있다  
부속물이, 정갈한 해장국, 곱창전골은 맛있는데, 더 맛있어요, 최고에요 계속 생각나고, 정말 최고에요, 최고에요 계속, 씹을수록 고소함, 더 고소하고, 고소함     백엽도, 싱싱하다  싱싱한 천엽은, 싱싱하다  싱싱한, 싱싱하다  싱싱한, 맛은 아주 좋지만, 내장탕 맛있고, 다 맛있음, 신선해서 잠이 깼음, 너무 신선해서, 신선해서 잠이, 맛은 있어요  그런데, 맛은 있어요, 맛있긴 함, 맛은 확실히 있네요, 맛집일 정도로 맛있어요, 정도로 맛있어요, 너무 맛있음, 맛있어요 우동사리를 줘서, 맛있어요 우동사리를, 가장 맛있고, 너무 맛있어요, 맛은 진짜 최고, 맛있어서 또 먹으러, 맛있어서 또, 맛있습니다  내장냄새가 입맛돋울정도로, 꽤 맛있습니다, 맛있습니다  내장냄새가, 맛있습니다 자주 가는, 맛있습니다 자주, 맛있어요     전 개인적으로, 맛있더라고요 곱이 국물에, 넘 맛있어요, 훨씬 맛있더라고요, 맛있어요     전, 맛있더라고요 곱이, 고소해요  재료들이 다, 엄청 고소해요, 고소해요  재료들이, 최고예요  얘기하다보니 또, 항상 최고예요, 최고예요  얘기하다보니, 정말 맛있게, 진짜 맛있음, 싱싱한 야채가 듬뿍들어가있어서, 무엇보다 싱싱한, 싱싱한 야채가, 맛있어요  곱창전골 처음, 해장국 맛있어요, 맛있어요  곱창전골, 맛있다 내장들이 탱글탱글하다, 맛있다 내장들이, 곱창은 부드럽고, 맛은 있지만, 더 맛있음, 맛은 있는데, 맛은있으나 직원들이 너무, 맛은있으나 직원들이, 맛있어 보이도록 일부러, 국밥이 맛있어, 맛있어 보이도록, 맛은 아직 있네요, 너무 맛있어요, 맛있는 곱창전골 맛집, 아주 맛있는, 맛있는 곱창전골, 맛은 확실히 있으나, 많다 맛있기도, 맛 신선한, 신선한 재료, 맛있어서 오늘 또, 너무 맛있어서, 맛있어서 오늘, 신선합니다  
그리고","또라이인줄   맛도없고, 간이 좀 쎄다, 짜다  국물 첫, 짜다  국물 첫, 맛은 아니어서, 맛있어요  자극적이지 않은데도, 맛봤을때의 감동을 잊지못하겠다, 간안에 갔는데, 다시 안 갑니다, 간 양념장이 안, 맛이 안나요  코로나, 없어서 맛이, 맛이 안나요, 너무 싱겁고, 맛은 아니고, 음식맛은 나쁘지 않았으나, 맛은 나쁘지 않았으나, 맛에 안 맞네요, 맛에 안, 직원이 너무 없어서, 직원들이 너무 불친절함, 두세번 간곳","직원, 맛","음식, 직원, 간, 맛"
홍영재장수청국장 삼성점,0.6666666666666666,0.3333333333333333,6,4,2,"사장님이 친절해서 너무, 사장님이 친절해서, 가서 맛있게, 맛있네요  쵝오   룸식으로, 너무 맛있네요, 끼리 맛있게, 맛있네요  쵝오, 맛있습니다  교육","불친절한 서비스는, 너무 맛없고","사장, 맛","서비스, 맛"
등대,0.0,1.0,2,0,2,,"맛에 후회하지 않을듯, 나오다보니 싱겁고",,맛
방이샤브샤브칼국수,1.0,0.0,2,2,0,"사장님 왕친절에 심지어, 사장님 왕친절에, 맛있어요  고기를 먹을수록, 정말 맛있어요, 맛있어요  고기를",,"사장, 맛",
청국장과보리밥 매봉역점,1.0,0.0,5,5,0,"사장님은 친절한데, 서비스 친절 청국장, 사장님 서비스 친절, 청국장 맛있음, 맛있네요 간도, 괜찮으나 서비스는",,"서비스, 사장, 맛",
사리원불고기 도곡점,0.0,1.0,3,0,3,넘 맛있고,"맛이 나지 않는, 않는 정갈하고, 직원응대가 너무안좋음, 직원응대가 너무안좋음, 심각합니다    다시는가지않을곳",맛,"직원, 가격, 맛"
평양면옥 도곡점,0.5,0.5,10,5,5,"맛있어요 만두도, 맛있어요  깔끔함, 맛은 좋았으나 대기, 맛은 좋았으나, 맛이 기분좋았음","맛은 별로고, 천천히 서빙하시는분들이, 진심 맛없음, 맛없어요  빈대떡에 녹두를, 진짜 맛없어요, 맛없어요  빈대떡에, 맛은 나쁘지않은데",맛,"서빙, 맛"
홀리차우 도곡점,0.75,0.25,4,3,1,"직원들은 그닥 친절하지, 너무 맛있게먹었어요, 맛있었습니다   가족들과 외식하기, 모두 맛있었습니다, 맛있습니다  뉴욕, 맛있었습니다   가족들과","음식안에 솜덩어리가 나왔네요, 음식안에 솜덩어리가","직원, 맛",음식
타워차이 타워팰리스본점,0.8571428571428571,0.14285714285714285,7,6,1,"분명히 맛있는데, 맛있어요  코스 요리, 맛있어요  코스, 맛있어요  탕수육 맛집, 맛있어요  탕수육, 맛을 유지해서 좋아요, 맛은 있지만, 맛있다는 생각보다는 건강식을, 맛  맛있다는 생각보다는, 맛  맛있다는, 정말 맛있음, 맛이 최고, 맛있다는 생각보다는",,맛,
마포갈비,0.0,1.0,2,0,2,,"맛없었습니다 된장찌개에서 머리카락, 제일 맛없었습니다, 맛없었습니다 된장찌개에서, 맛이 너무 없어요",,맛
해우리 강남본점,1.0,0.0,1,1,0,생선 고소하고,,,
무화잠 강남점,0.3333333333333333,0.6666666666666666,6,2,4,"전엔 맛있었는데, 분위기 좋은 것","맛없을수가 있나  뻑뻑하고, 맛없을수가 있나, 맛이 별로였어요  특히, 맛이 별로였어요","분위기, 맛",맛
서초남순남순대국 본점,0.6666666666666666,0.3333333333333333,9,6,3,"더 맛있을듯, 맛있을듯    김치도, 맛있다 해서 보다가, 맛있다는 블로그글 많고, 제일 맛있다, 맛있다 해서, 맛있다는 블로그글, 맛있다  고기 질도, 맛있다  고기, 아무리 맛있어도, 맛은 있지만, 맛있다  순대국은 칼칼하면서, 색다르면서 맛있다, 맛있다  순대국은, 국물이 맛있음","맛
없
다, 음식 맛집이 없어서, 맛집이 없어서 상대적으로, 맛집이 없어서",맛,"음식, 맛"
금강수림,1.0,0.0,3,3,0,"맛있었어요     특히 장어주물럭후, 맛있었어요     특히, 만들어 맛있습니다, 맛있습니다  반찬도, 고소한 맛이 찐득한, 기름진 고소한, 고소한 맛이",,맛,
잰부닥,0.8125,0.1875,16,13,3,"직원분들 친절하시고, 맛집 너무 맛있게, 너무 맛있게, 최고의맛집 너무 맛있게, 최고의맛집 너무, 정말 맛있게, 너무 맛있습니다, 맛집으로 소문나있어서 노, 있는 맛집으로, 맛집으로 소문나있어서, 직원분들이 너무 친절하시고, 맛있어요     다음엔 예약을, 맛있어요     다음엔, 맛있습니다 직원분들도, 맛있어요    특히나 살살, 너무 맛있어요, 맛있어요    특히나, 최고였어요  여지껏 먹었던, 최고입니다  사이드 메뉴로, 정말 최고였어요, 최고였어요  여지껏, 최고입니다  사이드, 맛집발견  맛있게, 다 맛있음, 진짜 맛있어요, 사장님이 친절하시고, 맛있었어요  사장님이 친절하시고, 정말 맛있습니다, 객관적으로 맛있었어요, 맛있습니다  거짓말, 맛있었어요  사장님이","맛이가 없음, 마인드임  짜다고, 마인드임  짜다고, 맛있습니다  거짓말 아니고","사장, 직원, 맛",맛
답다,1.0,0.0,3,3,0,"음식 맛있고, 음식이 깔끔하고, 맛있네요 직원분들도, 너무 맛있어요, 맛있어요    직원분들도, 음식들이 정갈하게",,"음식, 맛",
신촌설렁탕 강남구청역점,0.5,0.5,2,1,1,곰탕은 맛있어요,"사장 불친절  다시는, 다시는 안감",맛,사장
차이나타운,1.0,0.0,1,1,0,"최고임  그 어떤, 지역에서 최고임, 최고임  그",,,
화평칼국수,0.8571428571428571,0.14285714285714285,7,6,1,"맛있었습니다  한끼 때우기, 맛있었습니다  한끼, 맛있구여  다 잘먹었어요, 제일 맛있구여, 맛있구여  다, 김치 맛있음, 최고칼국수   믿고가는집","김치부터가 맛이없음, 김치가 맛없으면",맛,맛
스시히로바 삼성동본점,0.42857142857142855,0.5714285714285714,7,3,4,"넘  맛있음, 맛있어요 존맛탱 주방장님, 너무 맛있어요, 맛있어요 존맛탱","맛있어서 아무생각없이 뇸뇸하다가, 맛있어서 아무생각없이, 너무 맛없고, 맛이 없음, 직원 엄청 불친절하고",맛,"직원, 맛"
차이린,0.5,0.5,2,1,1,훨씬 맛있음,"서비스가 정말 별로였음, 안듬  직원들",맛,"직원, 서비스"
곰바위,0.7272727272727273,0.2727272727272727,11,8,3,"맛있어요  점심은 곱창국밥이, 제일 맛있음, 맛있어요  점심은, 맛있어요 여전히, 서비스가 좋은것도, 서비스가 좋다면, 맛있을 것이다  고급스러운, 무엇이든 맛있을, 맛있을 것이다, 최고의 집  내, 최고의 집, 맛있어서 갔다가 소고기까지, 양이 맛있어서, 맛있어서 갔다가, 분위기 좋으나 맛은, 좋으나 맛은","서비스 품질이 안좋아요, 직원 서비스최악에, 서비스최악에 비싸고, 맛의 고기가 나오질않나","서비스, 분위기, 맛","서비스, 맛"
지호한방삼계탕 삼성점,0.5,0.5,4,2,2,"사장님 너무 친절하시고, 맛있습니다 이 리뷰, 절대 맛있을, 와서 맛있게, 너무 맛있습니다, 맛있을 수, 맛있습니다 이","맛있을 수 없다고, 사장님 엄청 불친절, 맛없어요  불친절해요  바쁘다고, 진짜 맛없어요, 맛없어요  불친절해요","사장, 맛","사장, 맛"
만리장성,0.5714285714285714,0.42857142857142855,7,4,3,"직원들 바꼈다더니 친절해요, 맛있어요  직원들 바꼈다더니, 맛있어요  직원들, 맛있습니다  더 자주와야겠습니다, 맛있습니다  더, 상당히 맛있는, 맛있는 음식점임","맛은 없을 수, 맛은 없을, 서비스 마인드 최악입니다, 서비스가 너무 엉망임","직원, 맛","서비스, 맛"
일공,1.0,0.0,2,2,0,"맛있는것같아요 배달 많이시켜먹습니다, 맛있는것같아요 배달",,맛,
삼환소한마리,1.0,0.0,1,1,0,"대체적으로 맛있습니다, 맛있습니다  다만",,맛,
수담한정식,0.8571428571428571,0.14285714285714285,14,12,2,"음식 정갈하고, 가족끼리  맛있는, 맛있는 식사시간이였어요, 정말 맛있게, 맛있었구요  다음에 좀, 맛있었구요  다음에, 맛있어서 엄마가 많이, 다 맛있어서, 맛있어서 엄마가, 음식맛이  깔끔하고, 맛있었어요 엄마  외할머니, 맛있었어요 엄마, 음식 깔끔  굳, 맛은 있습니다 룸, 맛은 있습니다, 분위기  음식 깔끔, 음식 깔끔 정갈하니, 깔끔 정갈하니, 정갈하니 좋습니다, 맛별로에요 특색없고","서비스가 아니어서 아쉬워요, 서비스가 아니어서, 정신없으나 맛은","음식, 분위기, 맛","서비스, 맛"
홍백,0.6666666666666666,0.3333333333333333,9,6,3,"직원분들은 엄청 친절한데, 음식 맛있었고, 한우라 신선해서, 신선해서 좋았고, 고소영 황정민 손흥민, 장동건 고소영, 고소영 황정민, 사장님 친절하심, 맛있어요 사장님 친절하심, 맛있어요 사장님","서비스 진짜 별로네요, 최악의 음식점, 음식점이에요 맛도없고, 음식점이에요 맛도없고, 맛을 기억 못함, 없어서 맛을","사장, 직원, 맛","음식, 서비스, 맛"
대도식당 삼성점,1.0,0.0,4,4,0,"맛있습니다 다만, 구우니 맛있을, 맛있을 수밖에, 맛은 있는데",,맛,
해초록 별채사랑방,1.0,0.0,1,1,0,"맛있어서  꼭 제대로, 밥이 맛있어서, 맛있어서  꼭",,맛,
시골진지상,0.5,0.5,2,1,1,"맛 다 맛있었어요, 다 맛있었어요","가격에비해너무먹을게없다 다시방문하고싶지않다, 다시방문하고싶지않다 왜비싼지모르겠네",맛,
신촌설렁탕 선릉점,0.5,0.5,2,1,1,맛살이 들어있었는데,아니라 맛도,맛,맛
아오끼,1.0,0.0,2,2,0,"직원분들 친절하시고, 싱싱한 해산물과 생선회, 무엇보다 싱싱한, 싱싱한 해산물과",,직원,
평가옥 삼성점,0.2727272727272727,0.7272727272727273,11,3,8,"온반 맛있어요, 맛있어요  추운 날, 맛있어요  추운, 맛있다  녹두지짐도","직원들 불친절하고, 맛없진 않아요  맛있게, 않아요  맛있게, 맛없진 않아요, 서비스가 불친절하시네요, 맛이 옛날같지 않고, 서비스가 너무 불친절해서, 최악    맛도",맛,"직원, 서비스, 맛"
수림복국 본관,0.75,0.25,4,3,1,"다 맛있어요, 최고에요 지리는 진짜, 최고에요 지리는, 맛있는집 근데, 맛은 있는데",,맛,
봉산집,0.46153846153846156,0.5384615384615384,13,6,7,"맛은 있다         가격은, 맛은 있다, 얼마나 맛있게, 음식은 맛있다, 맛있다  그런데, 된장찌개 맛있음, 얼마나 맛있게, 음식은 맛있다, 맛있다  그런데","사장이 건물주가 아니라면, 최악 맛있게, 사장인지 종업원인지 불친절해요, 최악이어여  맛도, 사장은 아니더라고, 간 밸런스가 안맞는, 사장은 아니더라고, 간 밸런스가 안맞는",맛,"간, 사장, 맛"
황소곱창,1.0,0.0,3,3,0,"맛있어요 곱창대창 다, 맛있어요   껍데기는 제가, 맛있어요 좀 비싸긴한데, 무 맛있어요, 다 맛있어요, 세상 맛있어요, 맛있어요 곱창대창, 맛있어요   껍데기는, 맛있어요 좀, 맛있는 곱창집 찻기, 이만큼 맛있는, 맛있는 곱창집, 껍데기 맛있음",,맛,
흑돈가 삼성역점,0.25,0.75,12,3,9,"다시는 방문, 맛있어요  근데, 맛은 있다  가격의, 맛은 있다, 맛있다  고기가 맛있다, 멜젖이 맛있다, 고기가 맛있다, 맛있다  고기가, 맛있다  가격이","사장부터 매우 불친절하고, 다시는 방문 안할, 맛이 없네요   재방문은, 맛이 없네요, 직원불친절  이 시국에, 직원불친절  이, 직원들이 다들 안해도, 직원들이 다들 안해도, 다시 안온답니까  계산도, 서비스가 많이 아쉽네요, 서비스가 너무 불친절해요",맛,"서비스, 직원, 맛, 사장, 분위기"
바오바오,0.5,0.5,2,1,1,"요리 맛있습니다, 맛있습니다  직원들도",직원들 싸가지 진짜없음,맛,직원
명인등심 삼성직영점,1.0,0.0,2,2,0,"너무 맛있어요, 맛이 있었는데",,맛,
아야진생태찌개 본점,0.6666666666666666,0.3333333333333333,3,2,1,"맛있어요 다만, 신선한집 또한 찾기힘듦, 저는 신선하고, 신선한집 또한",맛있었어요 특징없긴하지만,맛,맛
유촌참치마을 삼성점,1.0,0.0,1,1,0,"맛있어요  붉은살은 약간, 너무 맛있어요, 맛있어요  붉은살은",,맛,
서백자간장게장,1.0,0.0,2,2,0,"너무 맛있는데요, 맛있는데요  반찬도, 음식은 맛있었어요",간장게장 안짜고,맛,간
곰바위,0.7272727272727273,0.2727272727272727,11,8,3,"맛있어요  점심은 곱창국밥이, 제일 맛있음, 맛있어요  점심은, 맛있어요 여전히, 서비스가 좋은것도, 서비스가 좋다면, 맛있을 것이다  고급스러운, 무엇이든 맛있을, 맛있을 것이다, 최고의 집  내, 최고의 집, 맛있어서 갔다가 소고기까지, 양이 맛있어서, 맛있어서 갔다가, 분위기 좋으나 맛은, 좋으나 맛은","서비스 품질이 안좋아요, 직원 서비스최악에, 서비스최악에 비싸고, 맛의 고기가 나오질않나","서비스, 분위기, 맛","서비스, 맛"
삿뽀로야끼,1.0,0.0,1,1,0,정말 맛있는데,,맛,
닭으로가 삼성코엑스점,1.0,0.0,2,2,0,"맛있으나 특별한 느낌은, 맛있으나 특별한, 정말 부드럽고, 최고의 닭갈비 맛집이라고, 국내 최고의, 최고의 닭갈비",,맛,
당나라,1.0,0.0,1,1,0,정말 맛있네요,,맛,
신마포갈매기 삼성역점,1.0,0.0,1,1,0,"다 맛있습니다, 맛있습니다  프랜차이즈이지만",맛집 부럽지 않습니다,맛,맛
더그릴630,1.0,0.0,3,3,0,"고급진 분위기네요, 맛있어요 고기가 입에, 진짜 맛있어요, 맛있어요 고기가, 너무 맛있어서, 맛있어서 행복했다",,"분위기, 맛",
해품초 삼성점,0.3333333333333333,0.6666666666666666,3,1,2,맛 서비스 다좋아요,"서비스의 질이 형편없어지는, 안 간다",맛,"서비스, 간"
금수강산,0.6666666666666666,0.3333333333333333,3,2,1,"사장님이 친절하세요, 맛있어요  사장님이 친절하세요, 너무 맛있어요, 맛있어요  사장님이","간째 안나와서 물어보니, 간째 안나와서","사장, 맛",간
경성면옥,1.0,0.0,2,2,0,"맛있어요 조금 비싸요, 참 맛있어요, 맛있어요 조금, 맛있는 곳    그리고, 참 맛있는, 갖고와서 맛있게, 맛있는 곳",,맛,
인터컨티넨탈 서울 코엑스 아시안라이브,1.0,0.0,2,2,0,"분위기 모두 최고예요, 모두 최고예요",,분위기,
밀밭,1.0,0.0,1,1,0,"맛있다   시원한 맛과, 맛을 더 좋게, 맛있다   시원한",,맛,
안동찜닭해물떡찜,0.3333333333333333,0.6666666666666666,3,1,2,사장님이 친절하고,"맛없다는 우려와달리 안동찜닭체인점, 댓글에서 맛없다는, 맛없다는 우려와달리, 사장님이 불친절하기도",사장,"사장, 맛"
르사이공 코엑스점,0.14285714285714285,0.8571428571428571,7,1,6,"맛있는  프리미엄 쌀국수, 아주 맛있는, 맛있는  프리미엄","맛없는 쌀국수는  없었다, 맛없는 쌀국수는, 그래요 맛없진, 맛없진 않고, 직원 불친절 가격, 직원 불친절 가격, 음식 양 터무니없이, 맛없어요 면과 국물이, 대비 맛없어요, 맛없어요 면과",맛,"음식, 직원, 양, 맛"
니뽕내뽕 코엑스점,0.6363636363636364,0.36363636363636365,11,7,4,"니뽕내뽕맛 맛있어용, 맛있다 피자는 맛이, 리조또는 맛있다, 맛있다 피자는, 알바가 더 친절함, 친구가 맛있대서, 맛있대서 처음, 비슷비슷하네요  맛좋음, 알바가 더 친절함, 친구가 맛있대서, 맛있대서 처음","이집 다시는안갑니다, 최악이에여 음식을, 안내 알바들, 사장인지무엇인지  너무 불친절, 안내 알바들","알바, 맛","음식, 알바, 사장"
그랜드마오 코엑스몰점,1.0,0.0,6,6,0,"맛있을땐 정말 최고이고, 심합니다  맛있을땐, 맛있을땐 정말, 정말 최고이고, 신선도가 심히 의심됨, 재료의 신선도가, 신선도가 심히, 맛볼 수 있는, 사장님이 아주 친절하시고, 꿔바로우가 맛있어요, 맛있어요 강추",,"사장, 맛",
멘무샤 코엑스점,0.2413793103448276,0.7586206896551724,29,7,22,"여기가 맛있다고요, 맛있다고요    진짜, 국물이 맛있는것도, 맛있는데다 직원도, 너무 맛있어요, 맛있어요  양도, 먹었습니다  맛있게, 직원분들은 친절했는데, 맛  가격  좋습니다, 맛이 좋습니다   어중간한, 맛이 좋습니다","간해선 리뷰 안쓰는데, 맛이 매운맛밖에 없음, 맛없습니다  라멘에 파맛밖에, 진짜 맛없습니다, 맛없습니다  라멘에, 맛밖에 안나군요, 서비스 진짜 최악입니다, 사장님이 너무 싸가지가없어요, 싸가지가없어요 맛도, 맛으로 괜찮네요  맛없는곳은, 괜찮네요  맛없는곳은, 맛없는곳은 아닌듯, 직원들 친천 안했어요, 음식 같지않다 여러분이, 맛이 그량 맛있지않아요, 그량 맛있지않아요, 맛있지않아요  일본, 않을까요  

사장이, 맛없어요 충격적임 라멘에, 맛없어서 화가나요    리뷰, 제일 맛없어요, 끊어지는 맛없는, 아닌가요  맛없어서, 맛없어요 충격적임, 맛없는 면, 맛없어서 화가나요, 맛이없어요   기분 나쁜, 맛이없어요   기분, 맛이 없습니다  지금까지, 맛이 없습니다, 맛보다 못함 다른, 맛보다 못함, 직원 불친절    튀김도, 맛없는 음식 먹어본, 라멘 맛없게, 맛없는 음식, 맛이 없다 이것은, 맛이 없다, 자체가 맛이없음, 맛없어요  돈코츠 라멘, 맛없어요  돈코츠, 맛이 없어요   웬만하면, 맛이없어도너무없다는 말 밖에, 정말 맛이없어도너무없다는, 맛이 없어요, 맛이없어도너무없다는 말, 국물 맛없고, 맛없어요  짜고, 맛이 없어서 화가, 맛이 없어서","직원, 맛","서비스, 직원, 간, 맛, 음식, 사장"
하동관 코엑스몰직영점,0.6666666666666666,0.3333333333333333,27,18,9,"맛이 최고입니다, 맛이 최고입니다, 국물이 맛있는데, 맛있다는 사람들  진짜, 진짜 맛있는, 맛있다는 사람들, 맛있는 곰탕, 최상의 서비스가, 맛 최고의 김치, 최고의 맛 최고의, 맛 최고의, 최고의 맛, 최고의 김치, 직원분 모두 친절하시고, 깔끔해서 맛있게, 모두 신선하고, 맛있어요 음식은 나쁘진, 맛있어요 음식은, 진짜 맛있어요, 너무 맛있음, 맛있어요 국물도, 최고의 한그릇과 최고의, 더더욱    최고의, 한그릇과 최고의, 최고의 한그릇과, 최고의 김치가, 더 맛있다, 맛있어요  식당이 크고, 원  맛있어요, 맛있어요  식당이, 너무 맛있음, 맛은 있지만, 직원분들이 정말 친절해서, 맛있는건지 몰랐다   그런데, 이렇게나 맛있는건지, 맛있는건지 몰랐다, 맛있어요 김치깍두기두 개운하니, 고소하구 맛있어요, 맛있어요 김치깍두기두, 고소하구 맛있어요 김치깍두기두, 고소하구 맛있어요","직원들 불친절, 맛없는 곰탕  처음, 맛없는 곰탕, 맛있는 곰탕 못, 서비스가 최악이에요, 음식은 나쁘진 않은데, 서비스는 별로 기대하지, 서비스는 별로, 최악의 서비스였네요, 맛이랄까  김치가 개인별로, 안나구 고소하구","직원, 서비스, 맛","음식, 직원, 서비스, 맛"
미사리밀빛초계국수 코엑스점,0.5714285714285714,0.42857142857142855,7,4,3,"육수가 맛있고, 별로  맛없음, 닭은 신선하지, 고소한 들깨 칼국수, 초계국수와 고소한, 고소한 들깨, 맛있다   오 코엑스, 본점보다 맛있다, 맛있다   오","김치가 맛없, 맛없어요    초계국수 국물과, 맛없어요    초계국수, 신선하지 않아요 굴국밥, 신선하지 않아요",맛,맛
도모다찌,0.2857142857142857,0.7142857142857143,7,2,5,"여기 맛있는데, 맛은 있습니다만, 냉모밀이 맛있는것도","알바분들 일머리가없음, 알바분들 일머리가없음, 간이하나도안맞고요     후      비싼돈아니었어도, 장어덮밥 간이하나도안맞고요, 간이하나도안맞고요     후, 초밥 맛없고, 맛없는거에 카타르시스 느끼는분들에게, 정말 맛이없었음, 의심할만큼 맛없어보였고, 먹어볼정도로 맛없는, 나옴  맛없는거에, 맛없는 냉모밀이었음, 맛없는거에 카타르시스",맛,"양, 간, 알바, 맛"
더플레이스 코엑스점,0.75,0.25,8,6,2,"되어있네요  맛과, 계산할때나 맛있냐고, 맛있을 듯 합니다, 더 맛있을, 맛있을 듯, 다 맛있었음, 맛있다하면서 먹었는데, 링귀니가 맛있었고, 맛있는 식사   코엑스몰, 단둘이 맛있는, 맛있는 식사","맛이 없었어요   폭탄피자는, 맛이 없었어요, 없어서 직원을",맛,"직원, 맛"
예가낙지마을 스타필드코엑스점,1.0,0.0,2,2,0,"맛집이 별로 없는, 맛있는 집  깔끔하고, 게중 맛있는, 맛있는 집, 완전 맛있어요",맛집이 별로,맛,맛
마쯔가제,1.0,0.0,1,1,0,,,,
이화원,1.0,0.0,2,2,0,"맛있었고요   직원분께서 추천해주신, 정말 맛있었고요, 맛있었고요   직원분께서, 좋아하는 맛집",,맛,
동경,0.4166666666666667,0.5833333333333334,12,5,7,"직원들 친절도는 나쁘지, 직원들 친절도는, 더 맛있다고, 제일 맛있음, 제일 맛있음","참   음식맛없는건, 음식맛없는건 이해하겠는데, 맛없는건 이해하겠는데, 맛 드럽게없습니다 돈, 맛없어서 이것은 평써야해, 너무 맛없어서, 맛없어서 이것은, 맛은 없습니다     차라리, 맛은 없습니다, 튀김에 싱겁고, 알바생들밖에 없어서 꾹참고, 알바생들밖에 없어서, 나왔어요  다시는안갑니다, 다시는안갑니다  별한개주는것도, 알바생들밖에 없어서 꾹참고, 알바생들밖에 없어서, 나왔어요  다시는안갑니다, 다시는안갑니다  별한개주는것도","직원, 맛","음식, 알바, 맛"
반하는보쌈&밥상 코엑스점,0.3333333333333333,0.6666666666666666,3,1,2,"이것보단 맛있게, 재료의 신선도는, 신선도는 떨어졌고",직원분들이 불친절함,맛,직원
서울덮밥,1.0,0.0,1,1,0,"맛있어요  세트 시키면, 김치찜 맛있어요, 맛있어요  세트",,맛,
본죽 삼성차관아파트점,0.5,0.5,2,1,1,간 맞춰갔더니 닫혀있네요,음식이 재료가 없다고하여,간,음식
카페마마스 코엑스점,0.2,0.8,5,1,4,맛있어요  근데,"알바생 불쾌할정도로 불친절하네요, 불친절하네요 알바때문에, 의사 없어지는 곳은, 알바생 불친절해요, 음식은 나쁘지않았지만",맛,"음식, 알바"
보리밀,1.0,0.0,3,3,0,"사장님이 매우 친절하세요, 맛과 신뢰가 있으셨던거, 다 맛있고, 맛있어서 종종 들르는, 맛있어서 종종","않았습니다  사장님이, 그동안 맛과, 맛이 없음","사장, 맛","사장, 맛"
이남장 삼성점,0.8,0.2,10,8,2,"너무 맛있게, 맛있어요    특을 시키면, 정말 맛있어요, 맛있어요    특을, 너무 맛있었습니다, 맛있었습니다  다음에도, 너무 맛있네요, 너무 맛있고, 맛집은 이유가 있는, 듯  맛있게, 그리 맛있지는","맛있지는 않네요  그냥, 맛있지는 않네요",맛,맛
안박사남원추어탕,0.8181818181818182,0.18181818181818182,11,9,2,"맛있는 곳과 평타인, 좋아해서 맛있는, 맛있는 곳과, 추어탕   맛있음, 굉장히 맛있었어요, 정말 맛있고, 맛 있네요 가족들도, 너무 맛있어요, 너무 맛있게","괜찮은편이나 맛집은아니고, 직원 매우 불친절",맛,"직원, 맛"
가원궁마을숯불갈비,0.5,0.5,2,1,1,맛이 있음,"맛이 없는건 아닌데, 맛이 없는건",맛,맛
수서골목냉면,0.75,0.25,4,3,1,"냉면이 맛있다, 좋아요 맛있고",없는 서빙하는,맛,서빙
산낙지무교동홍낙 수서점,1.0,0.0,3,3,0,"사장님은 친절하신데, 맛있는지는 모르겠다 사장님은, 그렇게까지 맛있는지는, 맛있는지는 모르겠다, 진짜 맛있지만, 정말 맛있습니다",,"사장, 맛",
일미원,0.3333333333333333,0.6666666666666666,3,1,2,매우 맛있었습니다,,맛,
대가방 압구정점,1.0,0.0,10,10,0,"사장님 언제나 친절하시고, 사장님 친절   탕수육, 사장님 친절, 맛 최고임  자주, 최고임  자주 방문하는, 맛 최고임, 최고임  자주, 맛있어요 전통의 중국집, 다 맛있어요, 맛있어요 전통의, 사장님 대박 친절하시고, 짱 맛있어요, 사장님 친절하시고, 간이 세지 않고, 만큼 맛있었어요, 맛있었어요 
부먹인데도, 새콤달콤 맛있었다, 맛있었다 고기상태도, 탕수육 맛있다, 맛있다  맛집인정",간이 세지,"간, 사장, 맛",간
압구정샤브샤브 본점,0.5,0.5,2,1,1,"맛있는  느낌입니다  막, 맛있는  느낌입니다, 정도로 맛있음","간이 없어서 좀, 간이 없어서",맛,간
오미가,1.0,0.0,1,1,0,맛이좋네요 부모님모시고가면,,맛,
루위,0.7777777777777778,0.2222222222222222,9,7,2,"맛있다해서 차돌짬뽕 먹어봤어요, 맛있어요  참고로 라스트오더는, 정말 맛있었구, 맛있다해서 차돌짬뽕, 맛있었구   잡채밥도, 맛있어요  참고로, 맛있다구 해서 재방문, 정도로 맛있었고, 꿔바로우가 맛있다구, 맛있다구 해서, 고기가 맛있고요, 맛있고요  북경오리도, 좋구 서비스도, 북경오리 맛있게먹었네요, 곳  최고에용",맛 못느낌  꿔바로우,"서비스, 맛",맛
명인등심 본점,0.6666666666666666,0.3333333333333333,3,2,1,"직원분들 친절하시고, 갔을때 맛있게","음식점 경험중 최악의, 안하는듯  음식점","직원, 맛",음식
이마스시,1.0,0.0,1,1,0,"맛있었습니다  회식하기 좋네요, 맛있었습니다  회식하기",,맛,
룽청,0.6666666666666666,0.3333333333333333,12,8,4,"너무너무 맛있어요, 맛있다  프라이빗 룸도, 진짜 맛있다, 맛있다  프라이빗, 직원분들 친절했어요, 음식이 전체적으로 깔끔하니, 깔끔하니 맛있고, 정말 맛있고, 진짜 맛있어요, 맛있어요  최고에요, 맛있어요  최고에요, 맛있어요     카페인줄알았는데","간짜장이 간짜장이 아니에요, 별로   간짜장이, 다시는 안갑니다  누가, 다시는 안갑니다, 못하는집   간짜장을, 서비스가 많이 아쉽네요, 맛이에요 친절하진 않아요","음식, 직원, 맛","서비스, 간, 맛"
포앤분짜,0.5,0.5,4,2,2,"맛에는 더 좋았습니다, 먹었어요  싱싱한, 싱싱한 고수도, 간이 딱 맞고, 간이 딱, 너무 맛있었어요, 맛있었어요   분짜도","맛이없다  조미료를 덜쓴건가, 맛없다     고기도, 맛이없다  조미료를","간, 맛",맛
하영호신촌설렁탕 압구정역점,0.0,1.0,1,0,1,,"맛이 없어요  그냥, 맛이 없어요",,맛
한일관 압구정점,0.7058823529411765,0.29411764705882354,17,12,5,"맛있어요 다른지점보다 역시, 맛있어요 다른지점보다, 골동반 맛있습니다, 역시 맛있게, 맛있어서 들어간건 아님, 맛있어서 들어간건, 다 맛있었어요, 맛있었어요 
다만, 동네에 맛집이있어서, 맛집이있어서 좋음, 간이 세지 않아, 정갈   간이 세지, 맛있네   

 육개장  갈비탕, 맛은 나름 좋았다, 맛있네   

 육개장, 정갈한 맛으로 제대로, 정갈한 맛으로, 최고의 육개장 
 동경식당, 이후 최고의, 최고의 육개장, 비싼만큼 맛있네요, 맛있네요 정갈하고, 맛있네요 정갈하고, 맛나다  냉면은 얼핏, 맛있당 야미야미  후식으로, 맛  맛있당 야미야미, 달달하니 맛나다, 시원한맛  맛있당, 맛나다  냉면은, 맛있당 야미야미, 맛이 있다","맛이 없음, 서비스 너무 엉망이라, 서비스 너무 엉망이라, 다시는 가고싶지 않은, 간이 세지, 음식들이 자극적이지 않아, 간이 그리 세지는, 음식값이 포차의 안주값이다, 음식 금액이 안드로메다급의","간, 맛","음식, 서비스, 간, 맛"
이즈미,0.0,1.0,1,0,1,,맛없지 않음,,맛
삼원가든 본점(휴업중),0.5,0.5,10,5,5,"맛있어서 모든 반찬을, 진짜 맛있었음, 맛있어서 모든, 서비스는 만족스러웠고, 간이 쎄지않아 좋았어요, 간이 쎄지않아, 맛있었습니다 전체적으로 간이, 다 맛있었습니다, 맛있었습니다 전체적으로, 서비스가 좋지, 맛은 있는데, 서비스 괜찮았다  정원이, 국수사리  맛있음","간 비용을 세이브하기워해, 없었어요 서비스도, 서비스가 좋지 않다, 서비스가 아주 엉망입니다, 서비스는 그야말로 최악","서비스, 간, 맛","서비스, 간"
금수복국 압구정점,0.8333333333333334,0.16666666666666666,6,5,1,"탕수 맛있어요, 맛있네요

참고로 발렛비, 찾아왔어요  맛은좋은데, 맛있네요

참고로, 맛은 좋은데, 맛있는 국밥에는 밥을, 맛있는 국밥에는, 맛은 있으니 복은, 맛은 있으니","별로여서 맛있는, 가성비는좋지않다 맛은",맛,맛
연타발 압구정본점,0.7272727272727273,0.2727272727272727,11,8,3,"맛은 좋지만, 맛있는 그런 볶음밥은, 슴슴해서 맛있는, 맛있어요  둘다, 맛있는 그런, 진심 맛있어요, 맛있어요 대박, 너무 맛있음, 정말 맛있음, 맛있어요  다만, 비싸  맛있어, 정말 맛있음",맛있어요  둘다 질기지않은편,맛,맛
최가네 버섯샤브매운탕칼국수,0.8636363636363636,0.13636363636363635,22,19,3,"제일 맛있는, 맛있는 볶음밥, 제일 맛있었다, 너무 맛있어요, 국물 맛있었고, 너무 맛있, 너무 맛있, 직원들 친절  양, 직원들 친절, 맛있어     직원들 친절, 너무 맛있어, 맛있어     직원들, 훨씬 맛있어집니다, 메뉴이니 맛있음, 진짜 맛있고, 맛있었어요  샤브샤브 고기는, 맛있었습니다 

특히 마지막, 맛있는 누른밥의 볶음밥입니다, 국물이 맛있었어요, 꼬들꼬들 맛있는, 맛있었어요  샤브샤브, 맛있었습니다 

특히, 맛있는 누른밥의, 최고였습니다  누른밥 좋아하시면, 볶음밥이 최고야, 얼마나 최고겠어, 정말  최고였습니다, 최고야 라고, 최고겠어  생각했는데, 최고였습니다  누른밥, 맛있었어요 찌개먹는느낌이라 그리고, 엄청 맛있었어요, 맛있었어요 찌개먹는느낌이라, 너무 맛있게, 맛있는집   바쁜 압구정, 갈때마다 맛있는집, 맛있는집   바쁜, 맛있어요 해장에 최고, 너무 맛있어요, 맛있어요 해장에, 맛있구 종업원분들 친절하세요, 곳  맛있구, 맛있구 종업원분들, 직원들 모두 친절해서, 좋았구요 
맛도","맛집 아니냐, 맛엔 별로였다 라고, 맛엔 별로였다","직원, 맛",맛
백하돼지생갈비 압구정점,0.0,1.0,1,0,1,,수없다는 사장님,,사장
이즈미,0.0,1.0,1,0,1,,맛없지 않음,,맛
일치프리아니 압구정점,0.6666666666666666,0.3333333333333333,3,2,1,"넘 맛있음, 맛있었네요 담에 피자먹으러, 다 맛있었네요, 맛있었네요 담에","짜다  봉골레 마니아라, 짜다  봉골레 마니아라",맛,
그랑아 노보텔앰배서더강남점,1.0,0.0,1,1,0,분위기 좋다 약간,,분위기,
봉우화로 강남본점,0.4,0.6,10,4,6,"냉면은 맛있었어요, 맛있어서 갔는데, 맛에는 제일 좋았고, 이층 맛있다, 이층 맛있다","알바생이 어이가 없었다, 맛 없어서 가지, 맛이 예전같지 않아요, 간에 연곳이 없다고, 음식 컬리티가 별로였습니다, 별로였습니다   음식이, 음식 컬리티가 별로였습니다, 별로였습니다   음식이",맛,"음식, 간, 알바, 맛"
나폴리회관,0.46153846153846156,0.5384615384615384,13,6,7,"다 맛있다고, 맛있다길래 괜찮을줄알고, 맛있었어요  마르게리따는 쫌, 풍기리조또 맛있어요, 맛있었어요  마르게리따는, 먹어야될거다냥  맛있는데, 맛집  토마토리조토 맛있어요, 토마토리조토 맛있어요, 맛있어요 콰트로, 제일 맛있었어요","최악이에요  음식도, 직원이 불친절해요    다, 직원이 불친절해요, 음식별로 맛차이가 많이나요, 음식별로 맛차이가, 음식별로 맛차이가, 맛없어요   피자랑 무슨, 맛없어요   주방에서 일하는, 너무 맛없어요, 맛없어요   피자랑, 맛없어요   주방에서, 없이 서빙직원들이랑, 다시는 안가고, 없이 서빙직원들이랑, 다시는 안가고",맛,"음식, 직원, 서빙, 맛"
예담정육식당,0.6,0.4,5,3,2,"음식보다 맛있다고, 고기는 맛있음, 고기는 맛있으나, 맛있으나 양심은","서비스 최악  밥하고, 맛있으나 양심은 없는곳",맛,"서비스, 맛"
대우부대찌개,0.9285714285714286,0.07142857142857142,14,13,1,"재료가 신선하고, 재료가 신선하고, 너무 맛있는, 맛있는 부찌먹음, 너무 맛있게, 맛있다  진짜 다른, 얼큰하니 맛있다, 맛있다  진짜, 있는 맛집, 맛있습니다  이정도로 맛있는, 아주 맛있습니다, 이정도로 맛있는, 맛있습니다  이정도로, 맛있는 햄, 맛있어요  미나리 들어있는게, 맛있어요  미나리, 맛있긴 맛있다 으아, 역시 맛있음, 맛있긴 맛있다, 맛있긴 맛있다, 맛이 얼큰해서 좋아요, 맛은 좋음, 맛있는건지 회전율이 좋아서, 원래 맛있는건지, 좋아서 맛있는지, 맛있는건지 회전율이, 맛있는지 모르지만",,맛,
통영집,0.5,0.5,2,1,1,너무 맛있어요,없어졌다  싱싱하고,맛,
랭돈,0.0,1.0,1,0,1,,"간다가오니 얘기도없이 앞접시랑, 간다가오니 얘기도없이",,간
새마을식당 역삼GS점,1.0,0.0,3,3,0,"맛있습니다   숱이 좋아서인지, 정말 맛있습니다, 너무너무 맛있게, 정말 맛있습니다, 맛있습니다   숱이, 사장님이 진짜 친절하세요, 사장님 친절",,"사장, 맛",
능라도 강남점,0.7,0.3,20,14,6,"냉제육  맛있고, 너무 맛있어요, 정석적으로 맛있는, 맛있는 평양냉면, 맛있어요  있는그대로를 주는, 맛있어요  있는그대로를, 맛이 좋습니다  시중에, 맛이 좋습니다, 맛있는 냉면집이랑 너무, 맛있는 냉면집이랑, 맛있습니다   만두 한접시, 맛있습니다 만둣국이랑 평양온반인가, 제일 맛있습니다, 맛있습니다   만두, 맛있습니다 만둣국이랑, 만두는 맛있지만, 맛있다  만두는 튼실하고, 아아 맛있다, 맛있다  만두는, 확실히 맛있었는데, 최고의 평양냉면, 진짜 맛있음, 여기가 최고다, 최고다  적당하게","서비스가 형편없음, 않을 맛입니다, 맛이랑은 관련없습니다만, 맛은 최악, 음식에 돈 안아까운데, 맛없어요 육수 추가, 맛없어요 육수, 맛집 리스트에 안, 면이 싱겁고",맛,"음식, 서비스, 맛"
봉우리 역삼본점,0.3333333333333333,0.6666666666666666,3,1,2,,"서비스는 아닌거 같아서, 서비스는 아닌거, 서비스 정말 최악, 다시는 가고싶지 않음",,서비스
이도곰탕 본점,0.7058823529411765,0.29411764705882354,17,12,5,"맛있어요  가끔 생각나는, 맛있어요  가끔, 맛있긴 한대 와, 맛있긴 한대, 직원분들 친절하고, 전반적으로 맛있네요, 맛있네요  신김치도, 김치가 맛있는것도, 맛은 별로 안난다, 맛있는 음식점 찾음, 지대로 맛있는, 맛있는 음식점, 음식이 너무 깔끔하고, 맛있어요  최애 곰탕집, 맛있어요  최애, 맛있는 집인듯 정말, 젤 맛있는, 맛있는 집인듯, 맛있는곳 발견입니다, 맛있는 곰탕 집, 여기보다 맛있는, 맛있는 곰탕, 맛은있어 자주가는 단골인데, 맛은있어 자주가는, 맛있어요  국물이 깔끔합니다, 맛있어요  국물이, 맛있다  고기가 좀, 우왕 맛있다, 맛있다  고기가","맛은 별로, 사람들이 짜다고, 사람들이 짜다고, 음식에 관심이 없으신, 짜다  하동관보다 짜다, 짜다  하동관보다 짜다","음식, 직원, 맛","음식, 맛"
연화산 역삼점,1.0,0.0,4,4,0,"다 맛있음, 정말 맛있어요, 많아요  맛있게, 진짜 맛있음",,맛,
진수사,1.0,0.0,3,3,0,"너무 분위기좋고, 지키니 맛좋고",,"분위기, 맛",
이화수전통육개장 서울역삼점,1.0,0.0,1,1,0,맛이 똑같아서 좋타,,맛,
한촌설렁탕 역삼GS점,0.5,0.5,2,1,1,너무 맛있음,"맛이에요  맛없어요  김치도, 다른맛이에요  맛없어요, 김치보다 맛없고, 맛이에요  맛없어요",맛,맛
강가 역삼점,0.0,1.0,1,0,1,,알바 개념 없누,,알바
일등추어탕,0.0,1.0,1,0,1,,사장 너무 싸가지가없어요,,사장
꽃새우영번지 역삼점,0.6666666666666666,0.3333333333333333,3,2,1,"맛있습니다  모듬 메뉴, 맛있습니다  모듬, 뭐가 맛있다는건지, 맛있다는건지 참나","알바직원이 개판이다  불친절에, 직원이 개판이다  불친절에, 직원땜시 안간다",맛,"직원, 알바"
통영집,0.5,0.5,2,1,1,너무 맛있어요,없어졌다  싱싱하고,맛,
판문점부대찌개 역삼점,1.0,0.0,1,1,0,"맛이 좋습니다  가격, 맛이 좋습니다",,맛,
우밀면옥 상록점,0.2222222222222222,0.7777777777777778,9,2,7,"맛있는날은 매우 맛있다, 매우 맛있다, 맛있는날은 매우, 맛있다  물론, 맛있다는 사람은 지금까지, 여기가 맛있다는, 맛있다는 사람은","맛 까다롭지 않기로, 서비스 좋지 않고, 않습니다  맛없고, 다시는 안 올, 다시는 안, 맛은 아니지만, 맛이 없네요, 맛없는 집 첨입니다, 맛없는 집, 너무 맛없어요, 맛없어요      다남겼네요",맛,"서비스, 맛"
천용,0.6666666666666666,0.3333333333333333,3,2,1,"전부 맛있음, 맛 있는 집",서비스가 개판이네요,맛,서비스
진풍정 강남점,0.5714285714285714,0.42857142857142855,7,4,3,"음식 다 깔끔하고, 직원분이 친절하셨습니다, 친절한 직원들, 불만족스러웠습니다  서비스도","음식마다 맛없는게, 음식마다 맛없는게, 천천히 서빙과, 간에대한 사전안내도","음식, 직원, 서비스","음식, 서빙, 간, 맛"
종수네 춘천숯불닭갈비,1.0,0.0,2,2,0,"맛있어요 숯불구이 소스가, 막국수가 맛있어요, 맛있어요 숯불구이, 맛있었구요
강남에 이가격에, 맛있을것 같네요
담에, 섞여 맛있고, 좋은 맛이네요, 먹으니 맛있었구요, 당연히 맛있을것, 맛있었구요
강남에, 맛있을것 같네요",,맛,
강남목장,0.8,0.2,5,4,1,"좋아요   서비스도, 직원분들 감동적일정도로 친절, 비해 맛있는, 냉면이 맛있는, 맛있는 것도, 맛있는 집을, 된장찌개 맛있게",맛있는 집을 못,"직원, 서비스, 맛",맛
파크루안 역삼점,0.7777777777777778,0.2222222222222222,9,7,2,"완전 맛있어요, 직원분들 너무 친절하고, 직원분이 센스도, 정갈한 고급 중식당, 정갈한 고급, 인테리어는 좋네요  참, 인테리어는 좋네요, 와서 맛있게","직원 한분은 불친절, 직원 한분은 불친절, 맛이 없는 것도, 맛이 없는","직원, 맛, 인테리어","직원, 맛"
역삼한방삼계탕,1.0,0.0,1,1,0,"맛있다  본가가 오래, 맛있다  본가가",,맛,
사량도회,0.5,0.5,2,1,1,질이 최고입니다,음식은 나쁘지 않다고,,음식
호보식당,0.75,0.25,4,3,1,"신선함 한번은 가볼만, 있는 신선함, 신선함 한번은, 맛있는 저녁 한끼였습니다, 정말 맛있는, 맛있는 저녁, 직원들이 친절하고, 다시 한번 다시",맛이 없고,"직원, 맛",맛
윤화돈까스,0.9444444444444444,0.05555555555555555,18,17,1,"맛있습니다 얇은 돈까스이고, 맛있습니다 얇은, 맛임  진짜 맛있음, 진짜 맛있음, 맛있어요 기사식당이라는데, 맛있었어요 
옆에 고추, 맛있다는 글이 있어서, 더 맛있었어요, 소함박이 맛있다는, 맛있었어요 
옆에, 맛있다는 글이, 맛나요 최고, 맛있슴   리모델링으로 청결해서, 맛있슴   리모델링으로, 최고임  생선까스가 생각보다, 돈까스 최고임, 최고임  생선까스가, 제일 맛있어요, 맛있어요  추천, 상당히 맛있는데, 사장님 친절합니다   돈가스는, 사장님 친절합니다, 의외로 맛있음, 맛있었던 기억으로 오랜만에, 맛있었던 기억으로, 대한민국 최고의, 최고의 돈까스집입니다, 맛보았을때의  그 맛있다는, 그 맛있다는, 맛있다는 느낌은, 싱싱한 김치랑 고추를, 싱싱한 김치랑, 고소함과 식감은 있으나, 돈가스의 고소함과, 고소함과 식감은","간없을때 찾게, 맛이 아니라 감초의, 맛이 아니라","사장, 맛","간, 맛"
지하오 역삼본점,1.0,0.0,1,1,0,"맛있어요    게다가 강남에서, 짜장면이 맛있어요, 맛있어요    게다가",,맛,
진주성 서울본점,1.0,0.0,2,2,0,"맛있어요  경상도스타일 국물맛도, 다 맛있어요, 맛있어요  경상도스타일, 진주비빔밥 맛있어요",,맛,
아야진생태찌개 역삼직영점,0.3333333333333333,0.6666666666666666,3,1,2,정말 맛있게,"서비스 개판입니다
예를, 지금안해요

맛은",맛,"서비스, 맛"
기무,0.0,1.0,2,0,2,,,,
우리집만두 선릉점,1.0,0.0,2,2,0,"문제가있었던듯요   맛은, 맛 볼수 있는곳",,맛,
무월식탁 강남본점,0.6666666666666666,0.3333333333333333,33,22,11,"맛있을땐 맛있고, 맛있을땐 맛있고, 맛은 바베큐덮밥은 맛있었어요, 바베큐덮밥은 맛있었어요, 맛있었어요 대창, 맛있었어요 비빔국수와 꼬막비빔밥, 맛있었어요 비빔국수와, 맛있는데요 주방장님 턱스크, 맛있는데요 주방장님, 하나 맛있는게, 엄청 맛있고, 나와서 맛있었어요, 정갈한 한상에 기분, 정갈한 한상에, 음식이 깔끔하고, 좋아요 맛도, 너무 맛있게, 맛있어서 자주 가는, 맛있어서 자주, 비빔밥은 맛있는데, 적당히 맛있는데, 더 맛있습니다, 맛있습니다 저도, 맛은 있는데, 맛있어요   강남에서 이정도면, 맛있어요   강남에서, 맛있어서 점차   당골이, 맛있어서 점차, 같이 맛있게먹으로, 맛있게먹으로 오렵니다, 늘 맛있게, 굉장히 맛있었고","간이 없음, 간이 안되있음, 맛이 안빠져 맛이, 시킴  맛없음, 보쌈 

맛없음, 퍽퍽함  맛없음, 진짜 맛이없었고, 안빠져 맛이, 맛없음

맛, 맛이 안빠져, 맛이 없었음, 서비스가 최악이에요  보쌈, 서비스가 최악이에요, 음식을 줘야하지 않나요, 맛없다 김밥천국이 낫다, 진짜 맛없다, 맛없다 김밥천국이, 간장새우는 싱겁고, 간이 세다  보쌈이, 간이 세다, 새우장이 싱겁고, 못해 직원을","음식, 맛","서비스, 직원, 간, 맛, 음식"
화기애애 강남점,1.0,0.0,4,4,0,"직원분 특히 친절하셨고, 직원분들 친절하셨고, 직원분들이 친절하심, 좋은 분위기라고, 맛있었어요 분위기도, 정말 부드럽고",,"직원, 분위기, 맛",
하이라훠궈,0.75,0.25,8,6,2,"제일 맛있네요, 맛있네요 여기가, 훨씬 맛있고, 맛있어요   둘이서 고기, 너무 맛있어요, 맛있어요   손님, 맛있어요   둘이서, 너무 신선하고, 맛있어요 큰길에 훠궈집이, 정도로 맛있어요, 여전히 맛있어요, 맛있어요   재료들도, 맛있어요 큰길에, 싱싱한 야채퀄리티는 처음이예요, 싱싱한 야채퀄리티는, 직원분들 모두 친절해요","맛있어요   손님 없어서, 간한 가루베이스가 아닌, 직원 분들이 불친절하나","직원, 맛","직원, 간, 맛"
백억하누,0.6666666666666666,0.3333333333333333,3,2,1,"모두 맛있게, 왕갈비탕 맛있네요, 맛있어요 거긴 다, 맛있는 집은 바보에요, 다음에는 맛있게, 다음에는 맛있게, 더 맛있어요, 엄청 맛있네요, 계속 맛있는, 맛있어요 거긴, 맛있네요 가격차이도, 맛있는 집은","직원들이 맛 없다고, 맛이 없을 수, 맛이 없을, 맛이 없다고",맛,"직원, 맛"
금문도,0.3333333333333333,0.6666666666666666,6,2,4,"맛있어요 남자 사장님분이셨는데, 맛있어요 남자, 맛있다 만족스러운 맛이다, 먹었다 맛있다, 맛있다 만족스러운","사장님이 너무 예의가없으세요, 서빙 형편없습니다 물도, 무리없이 맛있게",맛,"서빙, 사장, 맛"
종로삼계탕 강남점,1.0,0.0,1,1,0,닭도리탕 맛있고,,맛,
갓덴스시 강남점,0.8723404255319149,0.1276595744680851,47,41,6,"맛있어서 자주가요   추천추천, 맛있어서 자주가요, 제일 맛있어서, 맛있어서 웨이팅해서라도, 맛있어요  한 번, 맛있어요  한, 직원분들 친절하시구  파튀김연어, 직원분들 친절하시구, 맛볼 수 있었고, 맛있어요   제가 먹은, 무지 맛있어요, 특히나 맛있었어요, 맛있어요   제가, 맛있었어요 가격도, 신선한 것 같고, 신선한 것, 먹을만큼 맛있어요, 너무 맛있어요, 맛있어요  가격도, 여기가 최고입니다, 최고입니다  이랏샤이맛세, 맛있는거같긴하네요  가격대는 좀, 유난히 맛있는거같긴하네요, 맛있는거같긴하네요  가격대는, 신선한 초밥들이 나온다는게, 빨라 신선한, 신선한 초밥들이, 최고인것 같습니다  

점심, 강남점이 최고인것, 최고인것 같습니다, 맛있어요 간이 좀, 맛있어요 간이, 지점보다 싱싱하고, 다른지점보다 맛있어서, 맛있어서 먼길이지만, 직원분들이 친절하시고, 아주 맛있네요, 맛있네요  튀김류도, 맛있어서인지 줄을 한시간, 불매운동중인데여긴 맛있어서인지, 맛있어서인지 줄을, 암튼 맛있어요, 맛있어요  새우튀김도, 맛볼수 있는 일본의, 맛볼수 있는, 맛있어여 트러플오일 새우, 새우 맛있어요, 맛있어여 트러플오일, 맛있어요 그리고, 서비스가 진짜 좋음, 있다 맛은, 맛있는 스시집이 많아서, 워낙 맛있는, 맛있는 스시집이, 역시나 맛있음, 직원들 친절하고, 맛있었어용  웨이팅이 길긴했지만, 제일 맛있었어용, 맛있었어용  웨이팅이, 직원분들이 너무 친절하셔서, 맛있어요  직원분들이 너무, 맛있어요  직원분들이, 맛있는 초밥 골라먹으면, 맛이 있어서 하나, 맛있는 초밥, 맛이 있어서, 전체적으로 맛있고, 가성비 맛도최고에요, 맛도최고에요  가게, 최고에요  가게, 신선해요 밥에있는 조미료때문에, 신선해요 밥에있는, 맛있어요  근데, 서비스 좋은줄 아나, 값만큼 맛있어야지, 서비스   친절은 하지만, 맛있어서 좀 많이먹었나봐, 나왔다  맛있어서, 맛있어서 좀",음식이 잘 못나왔다,"직원, 서비스, 맛",음식
광양본가 강남역국기원사거리점,1.0,0.0,1,1,0,가지반찬 맛있어요,,맛,
육전식당 4호점,0.8571428571428571,0.14285714285714285,35,30,5,"육즙팡팡 부드럽게, 맛있네요    소금 갈치젓, 자체가 맛있네요, 다 맛있어요, 맛있네요    소금, 너무 맛있었어요, 맛있었어요  고기도, 맛은 있지만, 직원 친절  고기, 고기 맛있음, 맛있어요  데려간 지인들도, 진짜 맛있어요, 맛있어요  데려간, 직원분들 친절, 목살이 맛있음, 맛있어요    깜놀      육즙이, 진짜 맛있어요, 감사합니다  맛있게, 맛있어요    깜놀, 맛있습니다   오랜시간 웨이팅, 고기 맛있습니다, 맛있습니다   오랜시간, 서비스는 좋음, 맛있다  하지만, 고기는 맛있는데, 맛있어요 꼭 가보시길, 너무 맛있어요, 맛있어요 꼭, 완전 맛있음, 완전 맛있었음, 목살이 맛있음, 맛있습니다  다만, 최상으로 맛있고, 맛있어  일하시는 분들도, 맛있어  일하시는, 너무 맛있고, 직원분이 몹시 친절했어요, 평처럼 맛있어요, 맛이 좋아요, 정말 부드럽고, 훌륭 최고임, 고기 맛있는데, 찬은 정갈하게, 맛있다 육즙  소고기먹는, 진차 맛있다, 맛있다 육즙, 진짜 맛있다, 맛있다    고든램지도, 역시 맛있다","맛이없어요   고기많이드세요, 본점갈필요없어요  사장님, 직원분께서  일본인안간다  이러시는걸, 직원분께서  일본인안간다","직원, 서비스, 맛","사장, 직원, 맛"
두껍삼 역삼직영점,0.5714285714285714,0.42857142857142855,14,8,6,"전부 맛있어요, 특별함은   맛은있음, 맛은있으나 가격이 생각보다비싸서, 맛은있으나 가격이, 맛있어요  옷에 냄새도, 숙성삼겹살 맛있어요, 맛있어요  옷에, 맛있어요  삼겹살이랑 소고기, 맛있네요  직접 구워줘서, 진짜 맛있어요, 맛있어요  삼겹살이랑, 맛있네요  직접, 아주 부드럽고, 고기는 맛있는데, 맛있는네 목살은 거의, 삼겹은 맛있는네, 맛있는네 목살은","맛이 없진 않은데, 맛이 없진, 맛이 나쁘진 않은데, 서비스  위생 최악, 알바인지 직원인지 미안하단말, 직원인지 미안하단말 한마디도, 직원인지 미안하단말",맛,"직원, 서비스, 알바, 맛"
노란상소갈비 강남직영점,1.0,0.0,9,9,0,"맛있었습니다  수원갈비는 정갈비, 더 맛있었습니다, 맛있었습니다  수원갈비는, 정갈비  먹보니 조금, 수원갈비는 정갈비, 정갈비  먹보니, 정갈비 이동갈비순으로 먹었는데, 생갈비 정갈비, 정갈비 이동갈비순으로, 맛있어용 양은 좀, 너무 맛있어서, 맛있어용 양은, 맛있어서 괜찮음, 가성비 최고입니다, 최고입니다   지인들에게, 맛있는 실비형 소갈비, 정말 맛있는, 맛있는 실비형, 넘 맛있음, 맛있는 집  생갈비를, 맛있는 집",,맛,
우동명가 기리야마본진,0.72,0.28,25,18,7,"계란초밥 맛있음, 우동은 맛있었음, 더 맛있음, 평이했으나 신선하고, 냉우동중 최고예요, 맛좋은 나베우동  서브로, 맛좋은 나베우동, 진짜 맛있는데, 탱글  맛있네요, 맛있네요    근데, 맛은 있는데, 최고입니다  맛집, 최고입니다  맛집 불모지, 정말 최고입니다, 최고입니다  맛집, 맛있는가  최고, 돈까스 맛있다고, 완전 맛있고, 카레우동 맛있지만, 있다  맛은, 정갈하다  식기 하나도, 굉장히 정갈하다, 정갈하다  식기, 맛집중 최고입니다 육수도, 맛집중 최고입니다, 맛이 있고, 우동맛집중 최고입니다, 최고입니다 육수도, 맛이 있다 
게다가, 맛이 있다, 부드럽다 
면이 쫄깃하다는, 여기는 부드럽고, 부드럽다 
면이, 맛있는 우동집이 많기때문, 먹을만큼 맛있진, 맛있는 우동집이, 맛있는 우동을 먹었네요, 맛있는 우동을","음식이 아니다 
내가, 음식이 아니다, 맛있진 않다 다른, 맛있진 않다, 간 못미치는 느낌",맛,"음식, 간, 맛"
희래식당,0.56,0.44,25,14,11,"맛은 최고다   이미, 맛은 최고다, 최고다   이미 악평을, 맛은 최고다, 최고다   이미, 고치세요  맛있게, 맛있네요  마라탕이랑 마라샹궈도, 크림새우가 맛있네요, 맛있네요  마라탕이랑, 맛있어요  새우는 초심을, 제일 맛있어요, 맛있어요  새우는, 맛있어요   그리고, 한국적으로 맛있고, 신선한 맛이 절대, 남 신선한, 신선한 맛이, 크림새우 맛있어요, 맛있네요 마라탕은 하위권, 더 맛있네요, 맛있네요 마라탕은, 는 맛있었음, 젤 맛있, 맛있 크림새우도, 맛있 음, 맛있다 중국인 친구랑, 맛나면서 너무 맛있어서, 너무 맛있다, 너무 맛있고, 너무 맛있어서, 너무 맛있어했음, 맛있다 중국인, 맛있어서 다음에, 싱싱함  
함께 먹은, 재료들은 싱싱함, 싱싱함  
함께, 난 맛있었음, 라공방보다 맛있다는","사장님이 불친절한 이유는, 사장님이 불친절한, 직원이 없이 계산, 직원이 없이, 서비스가 제일로 문제입니다, 맛이 절대 아닌, 서비스가 너무 엉망이예요, 맛이 아니라 강력한, 맛이 아니라, 너무 맛없어요, 맛없어요 주문하구, 없는 음식인데, 맛 없을수가 없는, 직원분들 한국인이 아니어서, 맛은 별로, 직원들 매우 불친절, 다시는 안 감, 다시는 안, 사장이 안에서 기다리는, 사장이 안에서, 사장의 배려인가 알수없는, 맛이 나쁘진 않지만, 제일 맛없음, 음식 안드시는 분들은",맛,"서비스, 직원, 맛, 음식, 사장"
신정 역삼동점,0.5454545454545454,0.45454545454545453,11,6,5,"맛이 좋네요  가격은, 맛이 좋네요, 분위기는 괜찮아서 걍, 분위기는 괜찮아서, 분위기는 괜찮아서 걍, 분위기는 괜찮아서, 촉촉해 다 말라삐틀어졋는데, 촉촉해 다, 최고비싼 곱창천골 접대한다고, 한국 최고비싼, 최고비싼 곱창천골, 맛있는 국수전골은 먹어볼만, 더 맛있는, 맛있는 국수전골은, 맛집  징기스칸의 최고봉, 맛이 중독성있다, 최고봉  그 어떤, 징기스칸의 최고봉, 최고봉  그",음식 못 먹었을지,"분위기, 맛",음식
린카,1.0,0.0,1,1,0,"맛있어요  기본을 잘, 맛있어요  기본을",,맛,
동천홍 논현점,1.0,0.0,1,1,0,진짜 맛있음,,맛,
교토일식,1.0,0.0,2,2,0,"최고네요  더욱 번창하시길, 때마다 최고네요, 최고네요  더욱, 분위기가 짱인곳",,분위기,
라이라이,0.2,0.8,10,2,8,"맛있어요  직원분들도, 가격만큼 맛있지는, 맛있었습니다  해물이 많지는, 가격대비 맛있었습니다, 맛있었습니다  해물이","사장님 불친절  은근슬쩍, 사장님 불친절, 맛있지는 않은거같아요   비추에요, 맛있지는 않은거같아요, 최악의 음식점입니다, 직원 교육 똑바로, 다시는 안갈듯 합니다, 다시는 안갈듯, 손님이 맛없다고",맛,"음식, 직원, 사장, 맛"
청기와생고기,1.0,0.0,1,1,0,"맛있어요 고기도먹으러 가고싶어요, 아쥬 맛있어요, 맛있어요  제육복음, 맛있어요 고기도먹으러",,맛,
완산골명가 일원점,1.0,0.0,1,1,0,"맛이 있습니다  밥, 맛이 있습니다",,맛,
대청뼈다귀감자탕,1.0,0.0,1,1,0,맛이 좋았습니다,,맛,
신의주찹쌀순대,0.25,0.75,4,1,3,맛은 있음,"맛 다 별로임, 서비스도괜찮고좋았는데새로바뀌곤맛도서비스도몹쓸곳이되버림 그후론안가요, 맛도서비스도몹쓸곳이되버림 그후론안가요",맛,"서비스, 맛"
국대오리 일원점,1.0,0.0,5,5,0,"오리 맛있고, 맛있어요진짜 엄청 친절하시고, 제일 맛있어요진짜, 맛있어요진짜 엄청, 진짜 맛있어요, 맛있어요  샤브샤브랑 오리, 짱짱 맛있어요, 다 맛있게, 맛있어요  샤브샤브랑, 싱싱   삼성병원 있는, 오리차돌박이 맛있어요",,맛,
함평한우장터,0.5,0.5,6,3,3,"고기가 맛있다, 맛이 있는데","서비스개판에 가격 개판, 태반이에요   서비스개판에, 서비스개판에 가격, 서비스 개판   가격, 서비스 개판   가격",맛,"가격, 서비스"
화통집 강남자곡점,0.0,1.0,3,0,3,,"오기인지
직원불친절한건, 직원불친절한건 자기가게, 직원 모두 불친절에",,직원
무등산,0.75,0.25,4,3,1,"가격빼고는 최고죠, 회냉면이 최고인, 다 최고다, 최고인 힘흥냉면, 꽃등심중에 최고로","최고로 맛없었던, 맛없었던 그곳, 최고로 맛없었던 그곳, 최고로 맛없었던",,맛
옛날집 청담본점,0.3333333333333333,0.6666666666666666,3,1,2,참 맛있게,"직원교육 똑바로 시키세요, 직원교육 똑바로",맛,직원
영천영화 청담점,0.5384615384615384,0.46153846153846156,13,7,6,"맛은 좋음, 맛이 좋아 자주, 맛이 좋아, 맛은 있었음, 맛은 매우 좋음, 맛있다  다시 생각나는, 담백하니 맛있다, 맛있다  다시, 맛있다  비쌀 수, 정말 맛있다, 맛있다  비쌀, 전문 맛있다, 맛있다  비싸다","맛나요  갈비 안창, 서비스 마인드는 그닥이다, 맛은 나쁘지않으나 가격이, 맛은 나쁘지않으나, 기본적인 서비스가안되는집",맛,"서비스, 맛"
명인등심 본점,0.6666666666666666,0.3333333333333333,3,2,1,"직원분들 친절하시고, 갔을때 맛있게","음식점 경험중 최악의, 안하는듯  음식점","직원, 맛",음식
칠량,0.0,1.0,1,0,1,,음식은 형편없고,,음식
정성본 청담본점,0.75,0.25,4,3,1,"맛있어요  직원들도, 얼큰하게먹는것이 맛있다, 너무 맛있어요, 맛있어요    직원분들도",직원까지 전부 불친절,맛,직원
청숫골보리밥쌈밥,0.5,0.5,2,1,1,먹어요 맛있어요,알바인가요  이런 형편없는,맛,알바
고센,0.36363636363636365,0.6363636363636364,11,4,7,"좋아요  맛있기도, 와플은 맛있어요, 맛있어요  두번은, 맛있는 것도, 분위기는 좋아요  음식도, 분위기는 좋아요","맛있어요  두번은 안갈, 서비스 별로  물잔을, 서비스가 아쉽다, 직원들 할많하않  교육, 직원들 할많하않, 서비스는 기대하지 않는게, 알바생들 교육안되어있음, 서비스비 포함 아닌가","분위기, 맛","직원, 서비스, 알바, 맛"
코리아하우스 청담본점,1.0,0.0,1,1,0,"맛있긴 함  뭐, 맛있긴 함",,맛,
청담갯벌장어 본점,1.0,0.0,2,2,0,"맛은 있음, 맛있어요  가게도",,맛,
무교동유정낙지 청담점,1.0,0.0,2,2,0,"맛있어요  강남역에 있을, 낙지 맛있어요, 맛있어요  강남역에, 맛있어요  낙지볶음에 계란찜, 단골집  맛있어요, 맛있어요  낙지볶음에",,맛,
풍년참숯갈비,0.6,0.4,5,3,2,"다 맛있어서, 맛있어서 감동했어요, 더 부드럽네요, 부드럽네요  밑반찬도, 맛있어요  엄마 모시고, 짜 맛있어요, 맛있어요  엄마, 강추 맛있어요",사장은 더 불친절하고,맛,사장
남도음식토말 본점,0.2857142857142857,0.7142857142857143,7,2,5,"다 맛있었어요, 맛이 좋다   진짜, 맛이 좋다","맛없어짐  좋아하던 식당이었는데, 맛없어짐  좋아하던, 맛은 특별하지 않고, 사장님 너무 불친절, 맛도별로  짠편  가격은, 맛도별로  짠편, 다시 가지는 않을거, 간이 너무 쎄네요, 음식인 점을 감안하더라도",맛,"사장, 음식, 간, 맛"
본가신의주찹쌀순대,1.0,0.0,2,2,0,"맛은 있으나 포장비를, 맛은 있으나, 더 맛있음",,맛,
남도랑,1.0,0.0,1,1,0,"맛있어요  반찬 하나하나, 좋겠는 맛집이예요, 맛있어요  반찬, 진짜 신선하고",,맛,
분틀 선릉점,0.6666666666666666,0.3333333333333333,3,2,1,"직원분들 친절하다  테이블, 직원분들 친절하다, 셔서 고소한, 고소한 기름이랑, 전부다 맛있네요","맛이 안 난다, 맛이 안, 고소한 기름이랑 안","직원, 맛",맛
주박사춘천닭갈비,1.0,0.0,8,8,0,"분위기좋은 닭갈비집   지금, 분위기좋은 닭갈비집, 너무 맛있을거, 맛있을거 같음, 다 맛있음, 맛있네요  인공조미료 맛이, 엄청 맛있네요, 맛있네요  인공조미료, 분위기좋은 닭갈비집   지금, 분위기좋은 닭갈비집, 너무 맛있을거, 맛있을거 같음, 다 맛있음, 맛있네요  인공조미료 맛이, 엄청 맛있네요, 맛있네요  인공조미료","간간함 맥주 안, 맛이 안나, 간간함 맥주 안, 맛이 안나","분위기, 맛","간, 맛"
남도사계고운님,1.0,0.0,3,3,0,"맛있고요    집앞이라서 자주, 맛있고요    집앞이라서, 맛있는 반찬들 많이주고, 맛있어요  추천    단, 맛있는 반찬들, 맛있어요  추천, 매운탕 맛있음",,맛,
고운님한우곱창,0.3333333333333333,0.6666666666666666,3,1,2,"곱창 맛있었어요, 맛있었어요 근데",음식 들어가는 안쪽으로,맛,음식
정참치,0.75,0.25,4,3,1,"사장님 엄청 친절하시고, 엄청 부드럽습니다, 부드럽습니다 서비스도, 정말 맛있게","서비스가 최악 쟁반도, 서비스 마인드까지 없음, 서비스가 최악","사장, 맛",서비스
대봉집 신사본점,1.0,0.0,5,5,0,"소스가 맛있고, 알바분이 너무 친절하세요, 삼겹은 맛있었는데, 맛있어요 껍데기 짱맛탱, 맛있어요 껍데기, 맛있더라 특히 껍데기가, 맛있더라 특히",,"알바, 맛",
청자매운갈비찜 신사점,0.4444444444444444,0.5555555555555556,9,4,5,"똑같이 맛있던데, 맛이나구요 양념이 베어있는지더, 이곳이 맛있다고, 베어있는 맛이, 들어 맛있지만, 매력있는 맛집이다","안가요   알바쓰는것도, 맛없습니다 너무너무 맛없어요, 맛이없어요 살다가 이렇게, 맛없는 집은 처음보는데, 맛이 많이나서 맛없다는게, 가지마세요  맛없습니다, 너무너무 맛없어요, 너무 맛이없어요, 많이나서 맛없다는게, 맛없습니다 너무너무, 맛없어요
소갈비찜에서, 맛이없어요 살다가, 맛없는 집은, 다시는 안가요, 맛이 아니에요  그리고, 맛 없어요  왜, 맛이 아니에요, 맛없습니다  너무 달고, 돼지찜 맛없습니다, 맛없습니다  너무, 스럽네요   맛없어서, 맛없어서 남기고",맛,"알바, 맛"
압구정하루,0.8064516129032258,0.1935483870967742,31,25,6,"맛있어요 다른 곳이랑, 정말 맛있어요, 맛있어요 다른, 밥이 맛있고, 녹아요 맛있음, 카레 맛있고, 쯔유국물 맛있음, 신속정확 맛있어욤, 역시 맛있네요, 그냥 맛있던데요, 맛있네요   다른 메뉴들은, 맛있어요       집에 왔는데도, 진짜 맛있네요, 배어있어서 맛있어요, 맛있네요   다른, 맛있어요       집에, 맛있습니다  개운한 맛의, 굉장히 맛있습니다, 맛있습니다  개운한, 최고였습니다  괜히 맛집인, 함께하여 최고였습니다, 최고였습니다  괜히, 맛있는 돈까스집이 정말, 압구정엔 맛있는, 맛있는 돈까스집이, 맛집은 이유가 있는것, 맛있는 맛은, 그냥 맛있어요, 맛있는 맛은, 맛있어요       왜지, 맛있습니다  십년넘도록 찾았었구요, 맛있습니다  십년넘도록, 맛있는 돈까스 모밀, 맛있는 돈까스, 맛있는 모밀  따뜻하고, 맛있는 모밀, 최고의 맛 모밀이, 최고의 맛, 가격에 맛있어서, 맛있어서 기분좋고, 진짜 맛있음, 맛있어요    대단한 맛은, 맛있어요    대단한, 맛있는 모밀집  가격도, 제일 맛있는, 맛있는 모밀집, 맛있어요 둘이 가서, 맛있어요 둘이, 여전히 맛있다, 맛있다   냉모밀, 돈가스가 맛있음, 맛은 있는데, 맛있다앙     줄이 길긴, 냉모밀 맛있다앙, 맛있다앙     줄이","않은 맛이지만, 맛없어서 별점 한개, 와사비가 맛없어서, 맛없어서 별점, 맛은 아니지만, 맛집인 이유가 아니죠, 맛있는 맛은 아닌데, 맛은 아니지만, 맛이 없진 않지만, 맛이 없진",맛,맛
강남샤오츠,1.0,0.0,2,2,0,"맛있어요 짜장  탕슉, 진짜 맛있어요, 맛있어요 짜장, 맛있을 것 같아요, 짜장면이 맛있어요, 다 맛있을, 맛있을 것","맛있어요  안 먹어봐도, 맛있어요  안",맛,맛
그림나베 학동역점,1.0,0.0,7,7,0,"사장님이 친절하심, 학동점이 최고인듯, 최고인듯   국물도, 사장님이 정말 친절하세요, 점심식사로 맛있고, 맛있어요 친절하십니다 또, 맛있어요 친절하십니다, 서비스가 굉장히 좋습니다, 여기는 맛있긴한데",,"서비스, 사장, 맛",
한방대가삼계탕,0.7142857142857143,0.2857142857142857,7,5,2,"맛있는 삼계탕  특히, 맛있는 삼계탕, 맛있었어요 푸짐하고, 때는 맛있었는데, 맛은 좋고, 맛있어서 참아오  내일, 맛있어서 참아오","맛남   안 익은건, 맛 없단 소리, 맛남   안, 정말 맛없고",맛,맛
교대이층집 강남역점,0.8461538461538461,0.15384615384615385,13,11,2,"된장찌개 맛있음, 맛있게먹었다 융숭한대접에감사한다, 만족  인테리어나, 맛있네요  후식 아이스크림도, 다 맛있네요, 맛있네요  후식, 질좋은고기와 맛있는음식을, 맛있는음식을 먹으며, 곳으로 최고의장소다, 맛있네요  고기도, 맛있다  명이나물과 와사비도, 맛있다  명이나물과, 분위기 아주 좋네요, 있는 맛입니다, 최고의 고깃집 왠만해선, 간곳중에 최고의, 최고의 고깃집, 보다 맛있음","직원 싸가지 없는건, 사장이 엄청 불친절","분위기, 맛, 인테리어","직원, 사장"
광양불고기수서,0.25,0.75,4,1,3,맛있어요   친절하고,"직원은 정말 불친절하고, 직원들이 너무 불친절하고, 직원들이 불친절합니다  두번갔는데, 직원들이 불친절합니다",맛,직원
닭갈비두목,1.0,0.0,7,7,0,"제일 맛있어요, 맛있어요  매운 거, 일단 맛있어요, 맛있어요  매운, 진짜 맛있고, 맛있던건 처음이네요  닭가비는, 닭이 맛있던건, 맛있던건 처음이네요, 사장님 친절함  근데, 사장님 친절함",,"사장, 맛",
향촌면옥,1.0,0.0,1,1,0,맛 있습니다  항상,,맛,
문클리닉,1.0,0.0,6,6,0,"좋았어요  서비스도, 인테리어 진짜 이쁘게, 촉촉함 최고에요  받는, 촉촉함 최고에요, 촉촉함 최고에요, 최고에요  받는, 간 맞춰서 갔는데, 직원들이 전체적으로 친절, 직원분들 모두 친절하시고",최고에요  받는 동안,"직원, 서비스, 간, 인테리어",
현복집 논현본점,0.5,0.5,2,1,1,맛  그냥   최고,없이 맛나네요,맛,맛
옛날집 도산사거리점,1.0,0.0,1,1,0,젓갈백반 맛있게,,맛,
새마을식당 압구정역점,0.0,1.0,1,0,1,,맛은 안나고,,맛
메밀연가,0.5,0.5,4,2,2,"진심 맛있구요, 완전 맛있는디, 맛있구요    보쌈도, 음식맛이 깔끔하고","맛은 별로였슴, 맛이 별로다","음식, 맛",맛
뱃고동,0.5925925925925926,0.4074074074074074,27,16,11,"맛있어요 특히 오징어튀김이, 진짜 맛있어요, 맛있어요 특히, 맛있으니     맛은 있어도, 어딜가나 맛있으니, 맛있으니     맛은, 가성비 최고에요, 신선한 낚지와 오징어를, 우수함  신선한, 신선한 낚지와, 정말 맛있고, 저는 맛있게, 맛은 있으나 땅값, 맛은 있으나, 맛있으나 불친절, 맛은 있단 얘기인것, 같아요  맛있습니다, 맛은 있단, 맛있습니다  맛있어요, 다시 방문하게됨 친절함은, 오징어 맛있어욤, 맛은 맛있엇어요 맛은, 맛있엇어요 맛은, 맛은 맛있엇어요, 맛은 있는데, 맛있데서 시켰는데, 맛있어요    조개탕도, 맛있는지는   점심시간때는 여전히, 예전만큼 맛있는지는, 가격으로 맛볼수있음, 볶음밥이 맛있음, 맛있는지는   점심시간때는","직원들 정말 불친절해요, 불친절 맛도없음, 맛은 나쁘지 않았고, 맛이 나쁘지 않아서, 없어질 음식점, 맛은 아니라서 쏘쏘에요, 맛은 아니라서, 짜다  오징어불고기 세팅도, 짜다  오징어불고기 세팅도, 서비스가 안좋다는 말이, 서비스가 안좋다는, 직원이 한결같이 불친절하시니까요, 직원들 마스크 안써서, 서비스 최악 아줌마들",맛,"음식, 직원, 서비스, 맛"
우림황소양곱창 본점,0.7058823529411765,0.29411764705882354,17,12,5,"맛있어요 대창 염통, 맛있어요 대창, 맛은 있는데, 슝  맛있게, 넘넘 맛있게, 맛있어요 찐입니다, 사장님 맛있어요, 최고인듯   사장님 맛있어요, 이집이 최고인듯, 최고인듯   사장님, 맛있기라도하던가 내가 먹어본, 맛있기라도하던가 내가, 맛은 있음, 맛있나요  차라리 맞은, 여기가 맛있나요, 맛있나요  차라리, 여기서는 맛있게, 맛있나요  차라리 맞은, 여기가 맛있나요, 맛있나요  차라리","간에 사람이 없었을, 가지마라 맛도없음, 가지마라 맛도없음",맛,"간, 맛"
텐파마라탕마라샹꿔,1.0,0.0,3,3,0,"음식은 맛있는데, 매번 맛있어요, 맛있어용  이번엔 담백한맛먹었는데, 넘 맛있어용, 맛있어용  이번엔",,맛,
다정한상,1.0,0.0,1,1,0,,,,
양인환대,0.36363636363636365,0.6363636363636364,11,4,7,"최고다  서비스 난, 다른전문점보다 최고다, 최고다  서비스, 양등심 맛있었고, 맛은 있죠 근데, 맛은 있죠, 진짜 맛있음","직원들 불친절하다던데, 직원들 불친절하다던데, 서비스가 최악이에요 비싼, 서비스가 최악이에요, 안남  서비스가",맛,"직원, 양, 서비스"
대아부대찌개,1.0,0.0,1,1,0,맛이 있는데,,맛,
취원,1.0,0.0,1,1,0,"언제나 맛있게, 최고예요 언제나 맛있게, 최고예요 언제나",,맛,
백년육일집,1.0,0.0,2,2,0,"맛있습니다 일반보단 특곰탕, 곰탕 맛있습니다, 맛있습니다 일반보단, 맛있다  개인적으로 고기, 맛있다  개인적으로, 맛있다  다만",,맛,
대찬횟집,1.0,0.0,3,3,0,"사장님이 맛있게, 고소하니 맛있네요, 맛있네요  새우구이도, 맛있어요  그런데, 고소하니 맛있네요  새우구이도, 회가 고소하니, 고소하니 맛있네요, 쫄깃 싱싱해요",,맛,
아선재,0.5714285714285714,0.42857142857142855,7,4,3,"맛있었어요 서빙하시는분도, 음식은 맛있었고, 맛있어요  손님 접대용으로, 아주 맛있어요, 맛있어요  손님, 최고에요   정갈하게, 접대용으로 최고입니다, 최고에요   정갈하게, 맛있는 음식이 일품인것같습니다, 가격과 맛있는, 맛있는 음식이, 서비스는 나쁘지 않아요","않나   음식은, 서비스는 나쁘지, 서비스는 나쁘지","서비스, 맛","음식, 가격, 서비스"
애란궁,1.0,0.0,2,2,0,"아내가 맛있다고, 최고입니다              샤브에 말아먹는, 감히 최고입니다, 최고입니다              샤브에",,맛,
첨벙아구찜 신사본점,0.25,0.75,4,1,3,"모두 맛있고, 맛 맛있어요","음식과 분위기는 안, 맛이 없어지던데요  
그래서, 다 맛없고, 맛이 없어지던데요, 맛집은 아니라는거",맛,"음식, 맛"
영동곱창,1.0,0.0,2,2,0,"맛있어요     얼마전에 방문했는데, 맛있어요     얼마전에, 최고입니다 조만간 다른, 최고입니다 조만간, 맛있어요  점심에는 가정식백반만하고, 너무 맛있어요, 맛있어요  점심에는",,맛,
영동올뱅이집,0.5,0.5,2,1,1,"밑반찬이 맛있으면, 더 맛있게","맛이 변함없이 최고에요, 맛이 변함없이, 변함없이 최고에요",맛,맛
그랜드인터컨티넨탈 서울파르나스 그랜드키친,0.8461538461538461,0.15384615384615385,13,11,2,"음식 맛있고, 양갈비 맛있대서, 맛있대서 기대했는데, 맛있는 음식이 있는, 만든 맛있는, 충격적으로 맛있었습니다, 맛있는 음식이, 맛있는 식사제공과 함께, 맛있는 식사제공과, 어디가나 최고죠, 최고죠  근데, 다 맛있음, 분위기는 좋아요, 제일 맛있음, 다 맛있어서, 맛있어서 그거먹다, 신라가 최고라는데, 여기가 최고였고, 다 맛있음, 와플 최고네욧, 다 맛있음, 와플 최고네욧","그거먹다 음식못먹음, 맛있어서 그거먹다 음식못먹음","분위기, 맛","음식, 맛"
