원조닭한마리,2,0,2,,"맛도별로  김치는 중국산, 가격비싸  맛도별로, 맛도별로  김치는"
원조닭한마리,1,1,0,맛있어요 국물도,
원조닭한마리,1,1,0,"맛있어서 가시는건가요  대충먹고, 정말 맛있어서, 맛있어서 가시는건가요",
원조닭한마리,2,2,0,"맛은 있다  사람도, 맛은 있다",
원조닭한마리,1,1,0,"맛있어요 국물이 짱임, 무난무난 맛있어요, 맛있어요 국물이",
원조닭한마리,1,1,0,"맛있어요   진짜 국물이, 너무 맛있어요, 맛있어요   진짜",
원조닭한마리,1,1,0,여전히 맛있고,
원조닭한마리,1,1,0,"먹어보니 맛있네요, 맛있네요 담백해요",
원조닭한마리,1,1,0,"맛있죠   맛은 있어요, 맛있죠   맛은, 있어요  맛만, 맛있죠   맛은, 맛은 있어요",
원조닭한마리,2,0,2,,"맛도별로  김치는 중국산, 가격비싸  맛도별로, 맛도별로  김치는"
원조닭한마리,1,1,0,맛있어요 국물도,
원조닭한마리,1,1,0,"맛있어서 가시는건가요  대충먹고, 정말 맛있어서, 맛있어서 가시는건가요",
원조닭한마리,2,2,0,"맛은 있다  사람도, 맛은 있다",
원조닭한마리,1,1,0,"맛있어요 국물이 짱임, 무난무난 맛있어요, 맛있어요 국물이",
원조닭한마리,1,1,0,"맛있어요   진짜 국물이, 너무 맛있어요, 맛있어요   진짜",
원조닭한마리,1,1,0,여전히 맛있고,
원조닭한마리,1,1,0,"먹어보니 맛있네요, 맛있네요 담백해요",
원조닭한마리,1,1,0,"맛있죠   맛은 있어요, 맛있죠   맛은, 있어요  맛만, 맛있죠   맛은, 맛은 있어요",
논골집 포이점,1,0,1,,"맛없어서 바로 뺏구요, 국수 맛없어서, 맛없어서 바로"
리엔,1,1,0,,
리엔,1,0,1,,정신없는 직원들
리엔,2,2,0,"최고다  동네 깊숙히, 정말 최고다, 최고다  동네",
리엔,2,2,0,"사장님 직원들 친절하고, 직원들 친절하고, 맛있네요 개포로 골목, 맛이 좋아 다녀오며, 탕수육이 맛있네요, 맛있네요 개포로, 맛이 좋아",
리엔,1,1,0,"맛 가성비 최고예요, 가성비 최고예요",
리엔,1,1,0,직원분 친절도,
리엔,1,1,0,,
리엔,1,0,1,,맛 없다 탕수육
리엔,1,1,0,"가히 최고의, 최고의 중국음식점이라고",
밀란국수 개포본점,2,1,1,"음식이 맛있습니다, 맛있습니다  하지만",일을 하지 않는다면
밀란국수 개포본점,1,1,0,"너무 맛있어요, 맛있어요  건강해졌어요",
밀란국수 개포본점,1,1,0,맛 그자체 개맛있음,
밀란국수 개포본점,1,1,0,"만두 맛있음, 육수가 맛있음",
밀란국수 개포본점,1,1,0,칼국수집중 최고인듯,
밀란국수 개포본점,1,1,0,"샤브샤브 맛있고, 맛있구요 주차도되요",
밀란국수 개포본점,1,1,0,"음식은 항상 깔끔하고, 맛있었어요   밀란음식은 항상, 너무너무 맛있었어요, 맛있었어요   밀란음식은",
황금돼지,1,1,0,"맛있구여   다 짤라주시고, 맛있습니다  양이 좀, 맛있어서  얼마전 점심에, 보다 맛있구여, 맛있구여   다, 맛있습니다  양이, 맛있어서  얼마전",
원조소금구이,1,1,0,,
원조소금구이,1,1,0,"맛있는 식당중에
맛집수준이, 맛있는 식당중에",맛난 소금구이집을 못가봤던지
원조소금구이,1,1,0,"고기가 맛있고, 신선해서 자주 갑니다, 신선해서 자주",
원조소금구이,2,2,0,"사장님 두분이 친절하게, 넘넘 맛있었어요",
원조소금구이,1,1,0,"맛있구 된장찌개 너무, 너무 맛있어요, 맛있구 된장찌개",
원조소금구이,1,0,1,,
김명자낙지마당 개포점,1,1,0,낙지만두가 맛있고,
춘천명물닭갈비 1호점,2,2,0,"너무 맛있어요, 맛있어요   막국수도",
춘천명물닭갈비 1호점,1,1,0,항상 맛있습니다,
춘천명물닭갈비 1호점,1,1,0,쓰네요   맛있어요,
춘천명물닭갈비 1호점,1,1,0,맛있어요 최고,
김수사,1,0,1,,
김수사,1,1,0,당연히 맛있고,
김수사,1,0,1,,
김수사,2,2,0,"서비스는 나름 친절했고, 맛있었습니다  비린내도",
김수사,2,0,2,,"사장이 신경안쓰는 가게인듯, 사장이 신경안쓰는, 비추  맛없고"
김수사,1,0,1,,
김수사,1,1,0,,
김수사,1,1,0,"맛은 있으나 여직원들, 맛은 있으나",
김수사,2,0,2,,"최악의 서비스가, 아쉽다 서비스는, 없는 서비스를, 안겪는 서비스를, 최악의 서비스다, 최악의 서비스가, 아쉽다 서비스는, 없는 서비스를, 안겪는 서비스를, 최악의 서비스다, 다시는 안갈 최악의, 다시는 안갈"
김수사,1,1,0,"맛있네요  룸에서 식사했는데, 맛있네요  룸에서",
김수사,1,0,1,,음식 날라주면서 정신없이
김수사,1,1,0,,
김수사,1,1,0,훌륭하나 분위기는,
김수사,1,0,1,,"안되네요
사장님"
신사뻘낙지,2,2,0,"서비스 짱짱   다음에는, 너무 맛있고",
신사뻘낙지,1,0,1,,맛이 별로지만
신사뻘낙지,2,1,1,진짜 맛있음,사장이 좀 불친절한데
한성칼국수,1,0,1,,"맛없습니다 

육수는 밍밍하고, 정말 맛없습니다, 맛없습니다 

육수는, 맛은 없는데"
한성칼국수,1,1,0,"최고의 소고기 수육, 최고의 소고기",
한성칼국수,1,1,0,정말 맛있습니다,
한성칼국수,1,1,0,"넘모 맛있잖아, 맛있잖아     강원도",
한성칼국수,2,0,2,,맛은 나쁘지 않다
한성칼국수,1,1,0,맛있어서   쫘증나,
한성칼국수,1,1,0,맛은 있지만,
한성칼국수,1,1,0,너무 부드럽고,
한성칼국수,1,1,0,"맛은 좋으나 양이, 맛은 좋으나",
한성칼국수,1,1,0,음식이 깔끔하고,
봉산집,1,0,1,"서비스가 좋아야 음식이, 서비스가 좋아야","서비스가 완전 별로에요, 없어요    

서비스가, 직원이 주문을 안"
봉산집,1,0,1,,서비스 최악   저는
불이아 강남점,1,1,0,서비스가 더 만족스러움,
불이아 강남점,1,1,0,"맛있어요
다들 팥빙수는, 말고는 맛있게, 맛있어요
다들, 고소한 맛이 진하게, 특유의 고소한, 고소한 맛이",맛이 없는데
불이아 강남점,3,1,2,"맛은 있어요   근데, 맛은 있어요","서비스가 너무 별로였어서, 서비스가 너무 별로였어서"
한우리한정식,1,1,0,정갈한 맛집,
청담소 논현점,2,2,0,"직원분들이 친절하시고, 맛있는 곳  곱창을, 대창이 맛있는, 맛있는 곳, 고소한 대창이 맛있는, 양과 고소한, 고소한 대창이",
배정철 어도,1,0,1,,
배정철 어도,1,1,0,"신선한 해산물  추천, 느껴지는곳  신선한, 신선한 해산물",
배정철 어도,1,1,0,"맛있네요    하나하나 정성이, 다 맛있어요, 너무 맛있네요, 맛있어요 점심정식, 맛있네요    하나하나",
두릉도원북촌순두부,1,0,1,,맛대가리 없고
유장원보쌈,1,1,0,지금은 맛있지만,
취영루 논현점,2,1,1,"맛은 좋으나 전체적으로, 맛은 좋으나",
취영루 논현점,2,2,0,맛볼 수 있어서,
취영루 논현점,1,1,0,"정말 맛있어요, 다 맛있게",
취영루 논현점,1,1,0,요기로는 최고지만,
취영루 논현점,1,1,0,"맛있는 곳  이집을, 짜장이 맛있는, 맛있는 곳",
취영루 논현점,1,0,1,,맛까지는 아니지만
취영루 논현점,1,0,1,,"다시 생각나진 않을, 맛집이 아닌것으로  조미료를, 맛집이 아닌것으로"
취영루 논현점,1,0,1,,"다시 생각나진 않을, 맛집이 아닌것으로  조미료를, 맛집이 아닌것으로"
육갑식당 논현직영점,2,2,0,"서비스랑 친절함이 최고였어요, 서비스랑 친절함이, 친절함이 최고였어요",
육갑식당 논현직영점,1,1,0,서비스 많아  추천,
육갑식당 논현직영점,1,1,0,"직원분들 센스 대박, 직원분들 센스",
육갑식당 논현직영점,1,1,0,너무 맛있게,
육갑식당 논현직영점,2,2,0,"직원분들  최고의고기  센스있는, 친절한 직원분들, 최고의고기  센스있는 서비스, 직원분들  최고의고기, 최고의고기  센스있는",
육갑식당 논현직영점,1,1,0,맛잇어요 친절해요 좋어용,
육갑식당 논현직영점,1,1,0,"최고의 지점이에요  맛도, 최고의 지점이에요",
해랑,1,1,0,정말 맛있음,
해랑,1,0,1,,맛집은 아닌듯
해랑,1,1,0,"직원분들이 친절히 해체, 직원분들이 친절히",
해랑,1,1,0,"정말 맛있다, 맛있다  비싼게",
해랑,1,0,1,,"사장이 매우 불친절하고, 다시는 안갑니다"
해랑,1,1,0,가서 맛있게,
해랑,1,1,0,"맛있다 야채는 보기, 많이 맛있다, 맛있다 야채는",
해랑,1,1,0,"맛있다 야채는 보기, 많이 맛있다, 맛있다 야채는",
남서울민물장어,1,1,0,진짜 맛있어요,
남서울민물장어,1,0,1,,맛이라 그나마 위안이
남서울민물장어,1,1,0,"맛있옹  찬이 엄청, 장어  맛있옹, 맛있옹  찬이",
토담골 논현점,1,0,1,,맛은 없음
토담골 논현점,2,2,0,넘 맛있었어요,
단스시 논현본점,2,0,2,,"진짜 맛없어요, 맛없어요      분위기도"
단스시 논현본점,1,0,1,,
단스시 논현본점,2,1,1,스시는 싱싱하고,없어보이시는 사장님의
단스시 논현본점,2,2,0,"직원분들 너무 친절하심, 진짜 맛있고",
단스시 논현본점,1,1,0,"서비스는 좋다 계속, 서비스는 좋다",
임피리얼팰리스 패밀리아,1,0,1,,
크래버대게나라 강남점,1,1,0,"서비스 음식 훌륭하공, 서비스 훌륭하공 기분",
크래버대게나라 강남점,1,1,0,정갈하니 좋아요,
크래버대게나라 강남점,1,1,0,킹크랩 맛있게,
크래버대게나라 강남점,1,1,0,"정갈하니 맛있게, 정갈하니 맛있게",
크래버대게나라 강남점,1,1,0,"많아야 맛있는, 맛있는 듯",
크래버대게나라 강남점,2,2,0,"서비스가 너무 좋아서, 많구용 맛있습니다",
크래버대게나라 강남점,1,1,0,서비스 정말 좋습니다,
크래버대게나라 강남점,2,2,0,"서비스 만족 대게랑, 꽤 맛있었어요",
크래버대게나라 강남점,1,1,0,분위기 예쁘네요  대게코스,
크래버대게나라 강남점,1,1,0,"맛있궁  대게는 대게대로, 맛있어서 잘 먹고, 랍스타대로 맛있궁, 대게대로 맛있어서, 맛있궁  대게는, 맛있어서 잘",
크래버대게나라 강남점,1,1,0,"맛있공 캐쉬백까지 기분, 맛있공 캐쉬백까지",
크래버대게나라 강남점,1,1,0,"직원분의 친절 인사에, 직원분의 친절",
크래버대게나라 강남점,2,2,0,"분위기 완전 좋아, 맛있어 지금 할인도, 완전 맛있어, 더 맛있게, 맛있어 지금",
크래버대게나라 강남점,1,1,0,분위기가 고급스럽고,
크래버대게나라 강남점,1,1,0,고급  분위기도,
크래버대게나라 강남점,1,1,0,너무 맛있게,
크래버대게나라 강남점,1,1,0,"맛있는 음식앞에 장사, 데이트  맛있는, 맛있는 음식앞에",음식앞에 장사 없네요
크래버대게나라 강남점,1,1,0,맛있기로야  쵝오,
크래버대게나라 강남점,2,2,0,"직원분의 친절한 응대, 직원분의 친절한, 나오네요  맛있게",
크래버대게나라 강남점,1,1,0,"분위기가 좋아서 손님, 분위기가 좋아서",
크래버대게나라 강남점,1,0,1,,맛이 전혀 없고
아리양,1,1,0,다 신선하고,
아리양,1,1,0,"맛있어보여서 꼭 먹어봐야겠어요, 맛있어요  양대창도, 맛있어보여서 꼭",
아리양,2,1,1,"최고급 특양과 대창을, 가서 최고급, 최고급 특양과",
아리양,1,1,0,좋았어요  맛도,
아리양,1,1,0,맛있어요 또갈거임,
아리양,1,1,0,"최고의 맛집, 최고의 맛집",
아리양,1,1,0,양밥 최고에요,
아리양,1,1,0,"맛있는 묵사발 제공되고, 맛있는 묵사발",
아리양,1,1,0,맛있어서 감사합니다,
아리양,1,1,0,"맛있는 묵사발 제공되고, 맛있는 묵사발",
아리양,1,1,0,맛있어서 감사합니다,
명동관,1,1,0,"맛있네요  담엔 가족들, 정말 맛있네요, 맛있네요  담엔",
명동관,1,1,0,괜찮네요    맛있어요,
명동관,1,1,0,기분이에요  맛있게,
명동관,1,1,0,"맛있네요 다음엔 부모님, 진짜 맛있네요, 맛있네요 다음엔",
명동관,1,1,0,"맛있어요 정성 들여, 갈비탕 맛있어요, 맛있어요 정성",
명동관,1,0,1,,
명동관,1,1,0,음식 맛있어요,
명동관,1,1,0,미숫가루는 맛있어요,
명동관,1,1,0,엄청 맛있음,
명동관,1,1,0,"통통하니 맛있음, 너무 부드럽고",
명동관,1,1,0,쫄깃 맛있음,
명동관,1,1,0,"맛있어요 국물이랑 같이, 맛있어요 국물이랑",
명동관,1,1,0,너무 맛있게,
명동관,1,1,0,"진짜 맛있게, 진짜 맛있음, 최고임  밥 슥슥, 꼬막무침이 최고임, 최고임  밥",
명동관,1,1,0,"정갈해서 맛있네요, 정갈해서 맛있네요",
명동관,1,1,0,"맛있어서 이틀연속 점심으로, 너무 맛있어서, 맛있어서 이틀연속",
명동관,1,0,1,,없이 부드럽고
명동관,1,1,0,"너무 맛있게먹었음, 신선함  육수 끓으니살아있는, 정말 신선함, 신선함  육수",
명동관,1,1,0,"정말 맛있네요, 맛있네요  비벼먹는게",
명동관,1,1,0,너무 부드럽고,
명동관,1,1,0,"아주 맛좋습니다, 맛좋습니다  다음",
명동관,1,1,0,배불리 맛있게,
명동관,1,1,0,정말 맛있게,
명동관,1,1,0,"너무 맛있었구요, 맛있었구요  찬절하고",
명동관,1,1,0,"전복 맛있게, 가서 신선하고",
명동관,1,1,0,정말 맛있게,
명동관,1,1,0,맛이 있었고,
명동관,1,1,0,"맛있었어요  자주 애용하고, 정말 맛있었어요, 맛있었어요  자주",
명동관,1,1,0,맛있었어요  다음,
명동관,1,1,0,전통있는 맛집답게,
명동관,1,1,0,"정말 맛있네요, 최고급이네요 디저트로 미숫가루슬러쉬도, 고기 최고급이네요, 최고급이네요 디저트로",
명동관,1,1,0,만두전골 맛있어요,
빕스 도곡역점,1,0,1,,레알 맛없음
빕스 도곡역점,1,1,0,직원들은 친절해요,
빕스 도곡역점,1,1,0,"맛있어요 할인 받고, 진짜 맛있어요, 맛있어요 할인",
마산아구찜탕,1,1,0,역시 맛있었습니다,
아웃백스테이크하우스 도곡점,1,1,0,직원분들 너무 친절하세요,
아웃백스테이크하우스 도곡점,2,2,0,"직원분들 너무 친절하시고, 다 맛있어요",
아웃백스테이크하우스 도곡점,1,1,0,직원분들 모두 친절합니다,
아웃백스테이크하우스 도곡점,1,0,1,,음식은 아니지만
아웃백스테이크하우스 도곡점,1,0,1,,직원들 교육을 안하는
아웃백스테이크하우스 도곡점,1,1,0,"맛있어요  스테이크 굽기에, 맛있어요  스테이크",
하동관 강남분점,1,0,1,,"음식상태가 안좋습니다  코로나로, 음식상태가 안좋습니다, 맛이납니다    절대안갑니다"
하동관 강남분점,1,0,1,,맛이 안남
하동관 강남분점,1,1,0,"고소한 내포     짚고, 씹을수록 고소한, 고소한 내포",
하동관 강남분점,1,0,1,,그와중에 맛없음
하동관 강남분점,1,1,0,설렁탕 최고집이였는데,
하동관 강남분점,1,1,0,"맛있습니다 곰탕 이상의, 그대로 맛있습니다, 맛있습니다 곰탕",
하동관 강남분점,1,0,1,,맛집 예전맛이 아니네요
하동관 강남분점,1,0,1,,김치마저 맛없음
하동관 강남분점,1,0,1,"맛있는 음식을 먹으러, 배고파서 맛있는, 맛있는 음식을","음식맛은 아니에요  재방문은, 안할듯  음식점을, 음식맛은 아니에요, 맛은 아니에요  재방문은, 맛은 아니에요"
하동관 강남분점,1,0,1,,맛집은 많다오   안가면
하동관 강남분점,1,1,0,"신선설농탕이나 가야겠다 이제, 신선설농탕이나 가야겠다",
하동관 강남분점,1,0,1,,"맛이 진하지않아요
맛이, 진하지않아요
맛이, 맛이 진하지않아요"
하동관 강남분점,1,0,1,,
하동관 강남분점,1,0,1,,"음식이 뜨겁지가 않고, 맛없네요   별 하나도, 진짜로 맛없네요, 맛없네요   별"
하동관 강남분점,1,1,0,"맛있던 집  아, 가장 맛있던, 맛있던 집",
하동관 강남분점,1,1,0,맛은 있는데,
하동관 강남분점,1,1,0,"맛있다  아   깍두기, 맛있다  아",
의령전원,1,1,0,,
의령전원,2,2,0,"서비스 육회는 최고네요, 맛있는  집으로 밥먹고, 우리에게는 맛있는, 맛있는  집으로, 맛있는 밥집, 육회는 최고네요, 최고네요 삼겹살도",
반룡산,1,1,0,욕나온다  맛있다고,
반룡산,1,1,0,"맛있어요 가까이에 있었다면, 다 맛있어요, 맛있어요 가까이에",
반룡산,1,0,1,,
반룡산,1,1,0,만두 맛있음,
반룡산,1,1,0,"최고예요    특히 비냉, 최고예요    특히",
반룡산,1,1,0,시원하니 맛있네요,
반룡산,1,1,0,맛은 좋았지만,
반룡산,1,1,0,"너무 맛있다, 맛있다    만두도",
반룡산,1,1,0,맛있네요   발렛주차돼요,
반룡산,2,1,1,"깍두기는 맛있고, 국물은 맛있으며","서비스는 별로고, 굳이 여기까지 갈까"
반룡산,1,0,1,,
반룡산,1,1,0,"맛있었다  다음에는 회냉면을, 맛있었다  다음에는",
반룡산,1,1,0,함흥음식 맛있음,
반룡산,1,1,0,"다시 방문해 여러개, 맛있는 국밥 
갈비탕의, 나름 맛있게, 맛있는 국밥",
반룡산,1,1,0,가릿국밥 맛있음,
반룡산,1,0,1,,
반룡산,2,1,1,"최고의육수  훌륭한 재료, 최고의육수  훌륭한",
반룡산,1,1,0,정말 맛있고,
반룡산,1,1,0,순으로 맛있었음,
진대감 선릉점,1,1,0,"사장님 친절하세요 단골임, 사장님 친절하세요",
진대감 선릉점,1,1,0,"너무 맛있습니다, 맛있습니다    친절하시고요",
진대감 선릉점,1,1,0,"맛있습니다 생일 기념, 맛있습니다 생일",
진대감 선릉점,1,1,0,"너무 맛있어요, 맛있어요   사장님도",
진대감 선릉점,1,1,0,"맛있어요 사장님 적게, 진짜 맛있어요, 맛있어요   사장님도, 맛있어요 사장님",
진대감 선릉점,2,2,0,"직원분들이 친절하게, 맛있어서 정말 자주, 너무 맛있어서, 맛있어서 정말",
진대감 선릉점,1,1,0,맛있는건 물론이고,
진대감 선릉점,1,1,0,"맛있다  차돌박이 관자, 맛있다  차돌박이",
진대감 선릉점,1,0,1,,
진대감 선릉점,2,2,0,"사장님 전부 친절, 맛있는건 기본이고",
진대감 선릉점,1,1,0,"너무 맛있습니다, 맛있습니다 강추강츄",
진대감 선릉점,1,1,0,"맛잘알 고수느낌     최고에요, 진짜 맛있게, 고수느낌     최고에요",
진대감 선릉점,1,1,0,서비스    맛에  친절까지,
진대감 선릉점,1,1,0,"맛있게잘해주셔서 잘먹고왔습니다    재방문의사, 맛있게잘해주셔서 잘먹고왔습니다",
진대감 선릉점,1,1,0,"맛있어서 추가로 시켰는데, 볶음밥 맛있음, 아쉬움   맛있긴함, 맛있어서 추가로",
진대감 선릉점,1,1,0,"너무나 맛있어용, 맛있어용  음식도",
진대감 선릉점,1,1,0,"맛있습니다 회식 장소로도, 넘 맛있습니다, 맛있습니다 회식, 볶음밥까지 최고에요, 최고에요 고기도",
진대감 선릉점,1,1,0,너무 맛있고,
진대감 선릉점,1,1,0,완전 맛있고,
진대감 선릉점,1,1,0,"맛있어용   다음에 또, 완전 맛있어용, 맛있어용   다음에",
진대감 선릉점,1,1,0,친절하셔서 맛있게,
진대감 선릉점,2,1,1,맛볼 수 있게,직원분 할것 없이
진대감 선릉점,3,3,0,"진짜맛집인정입니다  서비스도좋고, 분위기도참좋네요 맛잇게먹고가네요, 식당직원들분위기도참좋네요 맛잇게먹고가네요, 맛집인정입니다  서비스도좋고",
진대감 선릉점,1,1,0,"맛있어요 고기  구워주시며, 맛있었어요 또 먹으러, 삼합  맛있어요, 아주  맛있었어요, 맛있어요 고기, 맛있었어요 또",
진대감 선릉점,1,1,0,"넘 맛있더라고요, 맛있더라고요  사장님도",
진대감 선릉점,1,1,0,존    맛있서,
진대감 선릉점,1,1,0,크 맛있다,
진대감 선릉점,1,1,0,사장님이 너무 친절하고,
진대감 선릉점,2,2,0,"사장님 조용하시고친절하세요, 맛있어욤 미모의사장님 조용하시고친절하세요, 맛있어욤 미모의사장님",
진대감 선릉점,2,2,0,"사장님이 친절하세요 한점한점, 사장님이 친절하세요, 맛있어요 단골각 입니다, 맛있게먹으면서 힐링했네요  진대감, 너무 맛있고, 너무 맛있어요, 진짜 맛있게먹으면서, 맛있어요 단골각, 맛있게먹으면서 힐링했네요",
진대감 선릉점,1,1,0,"맛있어요   최근에 먹은, 너무너무 맛있어요, 최고네요  맛집, 맛있어요   최근에, 최고네요  맛집 잘, 차돌중에 최고네요, 최고네요  맛집",맛집 잘 안믿는데
진대감 선릉점,1,1,0,"최고에요   짱 친절, 완전 최고에요, 최고에요   짱",
진대감 선릉점,1,1,0,"진짜 맛있어요, 맛있어요 친구랑도",
진대감 선릉점,1,0,1,,맛  말이 필요없는
진대감 선릉점,1,1,0,"최고입니다  진대감 선릉점, 최고입니다  진대감",
진대감 선릉점,1,1,0,"맛있어요    고기가 살살, 완전 맛있어요, 맛있어요    고기가",
진대감 선릉점,2,1,1,맛입니다 삼합 좋아하는,후회안함 사장님과
진대감 선릉점,1,1,0,"맛있어서 다시 간곳이에요, 너무 맛있어서, 맛있어서 다시",
진대감 선릉점,2,2,0,"직원 모두 친절하시구, 너무 맛있어용, 맛있어용 최고",
진대감 선릉점,1,1,0,사장님이 친절하고,
진대감 선릉점,1,1,0,"사장님 친절한 직원들, 사장님 친절한, 친절한 직원들",
진대감 선릉점,1,1,0,넘친절하시구  맛은최고루맛있어요,
진대감 선릉점,1,1,0,구워올려주시니까 맛있고,
진대감 선릉점,1,0,1,,맛을 잊을수가없네요
진대감 선릉점,2,2,0,"사장님과 직원들의 친절함에, 직원들의 친절함에 한번, 직원들의 친절함에, 정말 최고에요",
진대감 선릉점,1,1,0,"맛있어요 구워주실때마다 다른조합으로, 너무 맛있어요, 맛있어요 구워주실때마다",
진대감 선릉점,1,1,0,"맛있네요  사장님이 직접, 너무 맛있네요, 맛있네요  사장님이",
진대감 선릉점,1,1,0,"맛있었어요   또 생각나는맛, 맛있었어요   또, 생각나는맛 최고에요",
진대감 선릉점,1,1,0,"맛있어용  대기가 항상, 너무 맛있어용, 다 맛있고, 너무 맛있었더라고요, 맛있어용  대기가, 맛있었더라고요    둘이서",
진대감 선릉점,1,0,1,,"안되죠
음식이"
청자골,1,1,0,"맛있어요 유명한 이유가, 진짜 맛있어요, 진짜 맛있어요, 맛있어요 유명한",
청자골,1,1,0,신선하네요 맛도,
청자골,1,0,1,사장님은 친절하시겠지만,"서비스가 엉망이에요  주문도, 서비스가 엉망이에요"
청자골,1,1,0,"맛있습니다  또 방문할, 너무 맛있습니다, 맛있습니다  또",
청자골,1,1,0,"최고입니다 육사시미 존맛탱, 최고입니다 육사시미",
청자골,1,1,0,"맛있어요  한우모둠이랑 친절하게, 삼합 맛있어요, 맛있어요  한우모둠이랑",
청자골,1,0,1,,음식 주문 못한다고
청자골,1,1,0,진짜 맛있음,
청자골,2,1,1,반찬들은 정갈하게,"사장이 없어서 그런지, 사장이 없어서"
청자골,1,1,0,"맛있었어요  다행히 애들이, 맛있었어요  다행히",
남산희래등,1,1,0,"최고의 중국집 인근, 대치동 최고의, 최고의 중국집",
남산희래등,1,1,0,정말 맛있습니다,
강남수랏간,1,1,0,맛있어요 양념갈비도,
최가네버섯샤브매운탕칼국수 대치점,1,1,0,"맛있네용  배 엄청, 같아용 맛있네용, 맛있네용  배",
최가네버섯샤브매운탕칼국수 대치점,1,1,0,"맛있어서 한번 가면, 맛있어서 남은 국물에, 넘 맛있어서, 너무 맛있어서, 맛있어서 한번, 맛있어서 남은",
최가네버섯샤브매운탕칼국수 대치점,1,1,0,"맛있어요 항상 강남이나, 너무 맛있어요, 맛있어요 항상",
최가네버섯샤브매운탕칼국수 대치점,1,1,0,,
최가네버섯샤브매운탕칼국수 대치점,1,0,1,,없는 맛집
창포손만두,1,1,0,만두가 맛있었어요,
창포손만두,2,1,1,"간이 딱 맞기, 간이 딱, 맛있습니다  코다리 발효, 맛있었습니다  그래서 다른, 봅니다  맛있습니다, 식감이라 맛있어요, 좋아할 맛입니다, 맛있습니다  코다리, 맛있어요  양념도, 맛있었습니다  그래서",
창포손만두,1,1,0,맛은 좋지만,
창포손만두,1,1,0,코다리 맛있었음,
용수사,1,1,0,너무 맛있습니다,
하이보,1,0,1,,"맛없는 딤섬 하나에, 고향만두보다 맛없는, 맛없는 딤섬"
하이보,1,0,1,,너무 맛이없음
하이보,1,0,1,,별로 서비스도
하이보,1,0,1,,별로 맛도
대한민국,1,1,0,"맛있어요  맛집추천, 맛있어요  맛집추천",
우래옥 강남분점(휴업중),1,0,1,,
우래옥 강남분점(휴업중),1,0,1,,직원들 불친절
우래옥 강남분점(휴업중),2,0,2,서비스가 좋긴하지만,"별로 서비스가, 별로 서비스가, 맛에는 슴슴해서 별로"
우래옥 강남분점(휴업중),1,1,0,맛이 나서 좋아요,
우래옥 강남분점(휴업중),1,0,1,,간장향이 너무 강하다
우래옥 강남분점(휴업중),1,0,1,,직원분들 불친절하고
우래옥 강남분점(휴업중),1,0,1,,맛이 별로다
코너스톤 파크하얏트서울점,1,1,0,맛은 좋음,
코너스톤 파크하얏트서울점,2,2,0,"서비스 좋았어요 감사합니다, 맛있어요   요리사님분들 너무, 맛있구요   너무 너무, 너무너무 맛있어요, 너무 맛있고, 너무 맛있구요, 더 맛있게, 맛있어요   요리사님분들, 맛있구요   너무",
코너스톤 파크하얏트서울점,1,1,0,음식은 맛있는데,
코너스톤 파크하얏트서울점,1,0,1,,결론   맛이없으면
코너스톤 파크하얏트서울점,1,1,0,"더 맛있을, 맛있을 지경",
코너스톤 파크하얏트서울점,1,1,0,너무 맛있게,
코너스톤 파크하얏트서울점,1,1,0,스테이크는 맛있음,
임고집한우 본점,1,1,0,"맛있네요  이제 싸구려, 정말 맛있네요, 맛있네요  이제",
임고집한우 본점,1,1,0,"맛있네요  이제 싸구려, 정말 맛있네요, 맛있네요  이제",
중앙해장,1,1,0,"진짜 맛있어요, 맛있어요  야채추가하고",
중앙해장,1,0,1,,또라이인줄   맛도없고
중앙해장,2,1,1,"살아있다   맛은, 맛은 있지만",
중앙해장,1,1,0,맛은 있는데,
중앙해장,1,1,0,"직원분들까지 친절한 찐맛집입니다, 직원분들까지 친절한",
중앙해장,2,1,1,듬뿍있어서 맛있었어요,
중앙해장,1,1,0,매우 맛있음,
중앙해장,1,1,0,"맛있을 거 같은데, 더 맛있다고, 좋으니 맛있을, 맛있을 거, 신선한 양선지를 푸짐하게, 비싼만큼 신선한, 신선한 양선지를","간이 좀 쎄다, 짜다  국물 첫, 짜다  국물 첫"
중앙해장,1,1,0,"엄청 맛있나, 맛있나 기대했는데",
중앙해장,1,1,0,"맛있다    단점은   언제나, 맛있다    단점은",
중앙해장,1,1,0,,
중앙해장,1,0,1,전체적으로 정갈하고,맛은 아니어서
중앙해장,1,1,0,맛있어요     근데,
중앙해장,1,1,0,"맛은 맛있어요  하지만, 맛은 맛있어요",
중앙해장,1,1,0,,
중앙해장,1,1,0,"다 맛있어요, 너무너무 맛있게, 맛있어요  자극적이지, 먹어요  신선하고도",맛있어요  자극적이지 않은데도
중앙해장,1,1,0,"맛있었어요 담에는 또, 맛 정말 맛있었어요, 정말 맛있었어요, 맛있었어요 담에는, 고소한맛 정말 맛있었어요, 고소한맛 정말",
중앙해장,1,1,0,직원분들 너무 친절하고,
중앙해장,1,0,1,,맛봤을때의 감동을 잊지못하겠다
중앙해장,1,0,1,,간안에 갔는데
중앙해장,1,1,0,,
중앙해장,1,1,0,"싱싱한 쑥갓과 더불어, 있다  싱싱한, 싱싱한 쑥갓과",
중앙해장,1,0,1,,
중앙해장,1,1,0,식감이 부드럽고,
중앙해장,1,1,0,"맛있었다 둘다 내용물은, 훨씬 맛있었다, 맛있었다 둘다",
중앙해장,2,0,2,,"다시 안 갑니다, 간 양념장이 안, 맛이 안나요  코로나, 없어서 맛이, 맛이 안나요, 너무 싱겁고"
중앙해장,1,1,0,,
중앙해장,1,1,0,압도적으로 맛있고,
중앙해장,1,0,1,,
중앙해장,1,1,0,"맛있는 내장탕  곰창전골, 재일 맛있는, 맛있는 내장탕",
중앙해장,1,1,0,"맛있다  
부속물이 너무, 선지해장국이 맛있다, 특별히 맛있다고, 맛있다  
부속물이",
중앙해장,1,1,0,정갈한 해장국,
중앙해장,1,1,0,곱창전골은 맛있는데,
중앙해장,1,1,0,더 맛있어요,
중앙해장,2,1,1,"최고에요 계속 생각나고, 정말 최고에요, 최고에요 계속",
중앙해장,1,1,0,"씹을수록 고소함, 더 고소하고, 고소함     백엽도, 싱싱하다  싱싱한 천엽은, 싱싱하다  싱싱한, 싱싱하다  싱싱한",
중앙해장,1,0,1,,
중앙해장,1,1,0,맛은 아주 좋지만,
중앙해장,1,1,0,"내장탕 맛있고, 다 맛있음",
중앙해장,1,1,0,"신선해서 잠이 깼음, 너무 신선해서, 신선해서 잠이",
중앙해장,1,1,0,"맛은 있어요  그런데, 맛은 있어요",
중앙해장,1,1,0,맛있긴 함,
중앙해장,1,1,0,맛은 확실히 있네요,
중앙해장,1,1,0,"맛집일 정도로 맛있어요, 정도로 맛있어요",
중앙해장,1,1,0,너무 맛있음,
중앙해장,1,1,0,"맛있어요 우동사리를 줘서, 맛있어요 우동사리를",
중앙해장,1,1,0,가장 맛있고,
중앙해장,1,1,0,너무 맛있어요,
중앙해장,2,1,1,"맛은 진짜 최고, 맛있어서 또 먹으러, 맛있어서 또",
중앙해장,1,1,0,"맛있습니다  내장냄새가 입맛돋울정도로, 꽤 맛있습니다, 맛있습니다  내장냄새가",
중앙해장,1,1,0,"맛있습니다 자주 가는, 맛있습니다 자주",
중앙해장,1,1,0,"맛있어요     전 개인적으로, 맛있더라고요 곱이 국물에, 넘 맛있어요, 훨씬 맛있더라고요, 맛있어요     전, 맛있더라고요 곱이, 고소해요  재료들이 다, 엄청 고소해요, 고소해요  재료들이, 최고예요  얘기하다보니 또, 항상 최고예요, 최고예요  얘기하다보니",
중앙해장,1,1,0,"정말 맛있게, 진짜 맛있음, 싱싱한 야채가 듬뿍들어가있어서, 무엇보다 싱싱한, 싱싱한 야채가",맛은 아니고
중앙해장,1,0,1,,"음식맛은 나쁘지 않았으나, 맛은 나쁘지 않았으나"
중앙해장,1,1,0,"맛있어요  곱창전골 처음, 해장국 맛있어요, 맛있어요  곱창전골",
중앙해장,1,1,0,"맛있다 내장들이 탱글탱글하다, 맛있다 내장들이",
중앙해장,1,1,0,,
중앙해장,2,1,1,곱창은 부드럽고,
중앙해장,1,0,1,,"맛에 안 맞네요, 맛에 안"
중앙해장,1,1,0,맛은 있지만,
중앙해장,1,1,0,더 맛있음,
중앙해장,1,1,0,맛은 있는데,
중앙해장,1,0,1,,직원이 너무 없어서
중앙해장,2,1,1,"맛은있으나 직원들이 너무, 맛은있으나 직원들이",직원들이 너무 불친절함
중앙해장,2,2,0,"맛있어 보이도록 일부러, 국밥이 맛있어, 맛있어 보이도록",
중앙해장,1,1,0,맛은 아직 있네요,
중앙해장,1,0,1,,두세번 간곳
중앙해장,1,1,0,너무 맛있어요,
중앙해장,1,0,1,,
중앙해장,1,1,0,"맛있는 곱창전골 맛집, 아주 맛있는, 맛있는 곱창전골",
중앙해장,1,1,0,맛은 확실히 있으나,
중앙해장,1,1,0,,
중앙해장,1,1,0,많다 맛있기도,
중앙해장,1,1,0,"맛 신선한, 신선한 재료",
중앙해장,1,0,1,,
중앙해장,1,1,0,"맛있어서 오늘 또, 너무 맛있어서, 맛있어서 오늘, 신선합니다  
그리고",
홍영재장수청국장 삼성점,2,2,0,"사장님이 친절해서 너무, 사장님이 친절해서, 가서 맛있게",
홍영재장수청국장 삼성점,1,1,0,"맛있네요  쵝오   룸식으로, 너무 맛있네요, 끼리 맛있게, 맛있네요  쵝오",
홍영재장수청국장 삼성점,1,1,0,맛있습니다  교육,
홍영재장수청국장 삼성점,2,0,2,,"불친절한 서비스는, 너무 맛없고"
등대,1,0,1,,맛에 후회하지 않을듯
등대,1,0,1,,나오다보니 싱겁고
방이샤브샤브칼국수,1,1,0,"사장님 왕친절에 심지어, 사장님 왕친절에",
방이샤브샤브칼국수,1,1,0,"맛있어요  고기를 먹을수록, 정말 맛있어요, 맛있어요  고기를",
청국장과보리밥 매봉역점,1,1,0,사장님은 친절한데,
청국장과보리밥 매봉역점,2,2,0,"서비스 친절 청국장, 사장님 서비스 친절, 청국장 맛있음",
청국장과보리밥 매봉역점,1,1,0,맛있네요 간도,
청국장과보리밥 매봉역점,1,1,0,괜찮으나 서비스는,
사리원불고기 도곡점,1,0,1,넘 맛있고,"맛이 나지 않는, 않는 정갈하고"
사리원불고기 도곡점,2,0,2,,"직원응대가 너무안좋음, 직원응대가 너무안좋음, 심각합니다    다시는가지않을곳"
평양면옥 도곡점,1,1,0,맛있어요 만두도,
평양면옥 도곡점,1,0,1,,맛은 별로고
평양면옥 도곡점,1,1,0,맛있어요  깔끔함,
평양면옥 도곡점,1,0,1,,천천히 서빙하시는분들이
평양면옥 도곡점,1,0,1,,진심 맛없음
평양면옥 도곡점,1,1,0,"맛은 좋았으나 대기, 맛은 좋았으나",
평양면옥 도곡점,1,1,0,,
평양면옥 도곡점,1,0,1,,"맛없어요  빈대떡에 녹두를, 진짜 맛없어요, 맛없어요  빈대떡에"
평양면옥 도곡점,1,0,1,,맛은 나쁘지않은데
평양면옥 도곡점,1,1,0,맛이 기분좋았음,
홀리차우 도곡점,1,0,1,,"음식안에 솜덩어리가 나왔네요, 음식안에 솜덩어리가"
홀리차우 도곡점,1,1,0,직원들은 그닥 친절하지,
홀리차우 도곡점,1,1,0,너무 맛있게먹었어요,
홀리차우 도곡점,1,1,0,"맛있었습니다   가족들과 외식하기, 모두 맛있었습니다, 맛있습니다  뉴욕, 맛있었습니다   가족들과",
타워차이 타워팰리스본점,1,1,0,분명히 맛있는데,
타워차이 타워팰리스본점,1,1,0,"맛있어요  코스 요리, 맛있어요  코스",
타워차이 타워팰리스본점,1,1,0,"맛있어요  탕수육 맛집, 맛있어요  탕수육",
타워차이 타워팰리스본점,1,1,0,맛을 유지해서 좋아요,
타워차이 타워팰리스본점,1,0,1,,
타워차이 타워팰리스본점,1,1,0,맛은 있지만,
타워차이 타워팰리스본점,1,1,0,"맛있다는 생각보다는 건강식을, 맛  맛있다는 생각보다는, 맛  맛있다는, 정말 맛있음, 맛이 최고, 맛있다는 생각보다는",
마포갈비,1,0,1,,"맛없었습니다 된장찌개에서 머리카락, 제일 맛없었습니다, 맛없었습니다 된장찌개에서"
마포갈비,1,0,1,,맛이 너무 없어요
해우리 강남본점,1,1,0,생선 고소하고,
무화잠 강남점,1,0,1,,
무화잠 강남점,1,1,0,전엔 맛있었는데,
무화잠 강남점,1,0,1,,"맛없을수가 있나  뻑뻑하고, 맛없을수가 있나"
무화잠 강남점,2,1,1,분위기 좋은 것,"맛이 별로였어요  특히, 맛이 별로였어요"
무화잠 강남점,1,0,1,,
서초남순남순대국 본점,1,1,0,"더 맛있을듯, 맛있을듯    김치도",
서초남순남순대국 본점,1,1,0,"맛있다 해서 보다가, 맛있다는 블로그글 많고, 제일 맛있다, 맛있다 해서, 맛있다는 블로그글",
서초남순남순대국 본점,1,0,1,,
서초남순남순대국 본점,1,1,0,"맛있다  고기 질도, 맛있다  고기",
서초남순남순대국 본점,1,1,0,"아무리 맛있어도, 맛은 있지만",
서초남순남순대국 본점,1,0,1,,"맛
없
다"
서초남순남순대국 본점,1,0,1,,"음식 맛집이 없어서, 맛집이 없어서 상대적으로, 맛집이 없어서"
서초남순남순대국 본점,1,1,0,"맛있다  순대국은 칼칼하면서, 색다르면서 맛있다, 맛있다  순대국은",
서초남순남순대국 본점,1,1,0,국물이 맛있음,
금강수림,1,1,0,"맛있었어요     특히 장어주물럭후, 맛있었어요     특히",
금강수림,1,1,0,"만들어 맛있습니다, 맛있습니다  반찬도",
금강수림,1,1,0,"고소한 맛이 찐득한, 기름진 고소한, 고소한 맛이",
잰부닥,1,0,1,,맛이가 없음
잰부닥,1,1,0,직원분들 친절하시고,
잰부닥,1,1,0,"맛집 너무 맛있게, 너무 맛있게, 최고의맛집 너무 맛있게, 최고의맛집 너무",
잰부닥,1,1,0,"정말 맛있게, 너무 맛있습니다",
잰부닥,1,1,0,"맛집으로 소문나있어서 노, 있는 맛집으로, 맛집으로 소문나있어서",
잰부닥,2,2,0,"직원분들이 너무 친절하시고, 맛있어요     다음엔 예약을, 맛있어요     다음엔",
잰부닥,1,1,0,맛있습니다 직원분들도,
잰부닥,1,1,0,"맛있어요    특히나 살살, 너무 맛있어요, 맛있어요    특히나, 최고였어요  여지껏 먹었던, 최고입니다  사이드 메뉴로, 정말 최고였어요, 최고였어요  여지껏, 최고입니다  사이드",
잰부닥,1,1,0,맛집발견  맛있게,
잰부닥,1,1,0,다 맛있음,
잰부닥,1,0,1,,"마인드임  짜다고, 마인드임  짜다고"
잰부닥,1,0,1,,
잰부닥,1,1,0,진짜 맛있어요,
잰부닥,2,2,0,"사장님이 친절하시고, 맛있었어요  사장님이 친절하시고, 정말 맛있습니다, 객관적으로 맛있었어요, 맛있습니다  거짓말, 맛있었어요  사장님이",맛있습니다  거짓말 아니고
답다,1,1,0,음식 맛있고,
답다,1,1,0,"음식이 깔끔하고, 맛있네요 직원분들도",
답다,1,1,0,"너무 맛있어요, 맛있어요    직원분들도, 음식들이 정갈하게",
신촌설렁탕 강남구청역점,1,1,0,곰탕은 맛있어요,
신촌설렁탕 강남구청역점,1,0,1,,"사장 불친절  다시는, 다시는 안감"
차이나타운,1,1,0,"최고임  그 어떤, 지역에서 최고임, 최고임  그",
화평칼국수,1,1,0,"맛있었습니다  한끼 때우기, 맛있었습니다  한끼",
화평칼국수,1,1,0,"맛있구여  다 잘먹었어요, 제일 맛있구여, 맛있구여  다",
화평칼국수,1,1,0,김치 맛있음,
화평칼국수,1,0,1,,"김치부터가 맛이없음, 김치가 맛없으면"
화평칼국수,1,1,0,최고칼국수   믿고가는집,
화평칼국수,1,1,0,,
화평칼국수,1,1,0,,
스시히로바 삼성동본점,1,1,0,,
스시히로바 삼성동본점,1,0,1,,"맛있어서 아무생각없이 뇸뇸하다가, 맛있어서 아무생각없이"
스시히로바 삼성동본점,1,1,0,넘  맛있음,
스시히로바 삼성동본점,1,1,0,"맛있어요 존맛탱 주방장님, 너무 맛있어요, 맛있어요 존맛탱",
스시히로바 삼성동본점,1,0,1,,"너무 맛없고, 맛이 없음"
스시히로바 삼성동본점,1,0,1,,직원 엄청 불친절하고
스시히로바 삼성동본점,1,0,1,,
차이린,1,1,0,훨씬 맛있음,
차이린,1,0,1,,"서비스가 정말 별로였음, 안듬  직원들"
곰바위,1,1,0,"맛있어요  점심은 곱창국밥이, 제일 맛있음, 맛있어요  점심은",
곰바위,1,0,1,,서비스 품질이 안좋아요
곰바위,1,1,0,맛있어요 여전히,
곰바위,1,1,0,서비스가 좋은것도,
곰바위,1,1,0,서비스가 좋다면,
곰바위,1,0,1,,"직원 서비스최악에, 서비스최악에 비싸고"
곰바위,1,0,1,,
곰바위,1,1,0,"맛있을 것이다  고급스러운, 무엇이든 맛있을, 맛있을 것이다, 최고의 집  내, 최고의 집",
곰바위,1,1,0,"맛있어서 갔다가 소고기까지, 양이 맛있어서, 맛있어서 갔다가",맛의 고기가 나오질않나
곰바위,2,2,0,"분위기 좋으나 맛은, 좋으나 맛은",
지호한방삼계탕 삼성점,2,2,0,"사장님 너무 친절하시고, 맛있습니다 이 리뷰, 절대 맛있을, 와서 맛있게, 너무 맛있습니다, 맛있을 수, 맛있습니다 이",맛있을 수 없다고
지호한방삼계탕 삼성점,1,0,1,,사장님 엄청 불친절
지호한방삼계탕 삼성점,1,0,1,,"맛없어요  불친절해요  바쁘다고, 진짜 맛없어요, 맛없어요  불친절해요"
만리장성,2,2,0,"직원들 바꼈다더니 친절해요, 맛있어요  직원들 바꼈다더니, 맛있어요  직원들",
만리장성,1,1,0,"맛있습니다  더 자주와야겠습니다, 맛있습니다  더",
만리장성,1,0,1,,"맛은 없을 수, 맛은 없을"
만리장성,1,0,1,,서비스 마인드 최악입니다
만리장성,1,0,1,,서비스가 너무 엉망임
만리장성,1,1,0,"상당히 맛있는, 맛있는 음식점임",
일공,1,1,0,,
일공,1,1,0,"맛있는것같아요 배달 많이시켜먹습니다, 맛있는것같아요 배달",
삼환소한마리,1,1,0,"대체적으로 맛있습니다, 맛있습니다  다만",
수담한정식,1,0,1,,"서비스가 아니어서 아쉬워요, 서비스가 아니어서"
수담한정식,1,1,0,,
수담한정식,1,1,0,음식 정갈하고,
수담한정식,1,1,0,"가족끼리  맛있는, 맛있는 식사시간이였어요",
수담한정식,1,1,0,정말 맛있게,
수담한정식,1,1,0,"맛있었구요  다음에 좀, 맛있었구요  다음에",
수담한정식,1,1,0,"맛있어서 엄마가 많이, 다 맛있어서, 맛있어서 엄마가",
수담한정식,1,1,0,"음식맛이  깔끔하고, 맛있었어요 엄마  외할머니, 맛있었어요 엄마",
수담한정식,1,0,1,,정신없으나 맛은
수담한정식,1,1,0,음식 깔끔  굳,
수담한정식,1,1,0,"맛은 있습니다 룸, 맛은 있습니다",
수담한정식,2,2,0,"분위기  음식 깔끔, 음식 깔끔 정갈하니, 깔끔 정갈하니, 정갈하니 좋습니다",
수담한정식,1,1,0,맛별로에요 특색없고,
홍백,2,2,0,"직원분들은 엄청 친절한데, 음식 맛있었고",
홍백,2,0,2,,"서비스 진짜 별로네요, 최악의 음식점, 음식점이에요 맛도없고, 음식점이에요 맛도없고"
홍백,1,1,0,"한우라 신선해서, 신선해서 좋았고",
홍백,1,1,0,"고소영 황정민 손흥민, 장동건 고소영, 고소영 황정민",
홍백,2,2,0,"사장님 친절하심, 맛있어요 사장님 친절하심, 맛있어요 사장님",
홍백,1,0,1,,"맛을 기억 못함, 없어서 맛을"
대도식당 삼성점,1,1,0,맛있습니다 다만,
대도식당 삼성점,1,1,0,"구우니 맛있을, 맛있을 수밖에",
대도식당 삼성점,1,1,0,맛은 있는데,
대도식당 삼성점,1,1,0,,
해초록 별채사랑방,1,1,0,"맛있어서  꼭 제대로, 밥이 맛있어서, 맛있어서  꼭",
시골진지상,1,0,1,,"가격에비해너무먹을게없다 다시방문하고싶지않다, 다시방문하고싶지않다 왜비싼지모르겠네"
시골진지상,1,1,0,"맛 다 맛있었어요, 다 맛있었어요",
신촌설렁탕 선릉점,1,1,0,맛살이 들어있었는데,
신촌설렁탕 선릉점,1,0,1,,아니라 맛도
아오끼,2,2,0,"직원분들 친절하시고, 싱싱한 해산물과 생선회, 무엇보다 싱싱한, 싱싱한 해산물과",
평가옥 삼성점,1,0,1,,직원들 불친절하고
평가옥 삼성점,1,0,1,,"맛없진 않아요  맛있게, 않아요  맛있게, 맛없진 않아요"
평가옥 삼성점,1,1,0,온반 맛있어요,
평가옥 삼성점,1,0,1,,
평가옥 삼성점,2,0,2,,"서비스가 불친절하시네요, 맛이 옛날같지 않고"
평가옥 삼성점,1,1,0,"맛있어요  추운 날, 맛있어요  추운",
평가옥 삼성점,1,0,1,,서비스가 너무 불친절해서
평가옥 삼성점,1,0,1,,최악    맛도
평가옥 삼성점,1,1,0,맛있다  녹두지짐도,
평가옥 삼성점,1,0,1,,
수림복국 본관,1,1,0,"다 맛있어요, 최고에요 지리는 진짜, 최고에요 지리는",
수림복국 본관,1,1,0,맛있는집 근데,
수림복국 본관,2,1,1,맛은 있는데,
봉산집,1,0,1,,사장이 건물주가 아니라면
봉산집,1,0,1,,최악 맛있게
봉산집,2,0,2,,"사장인지 종업원인지 불친절해요, 최악이어여  맛도"
봉산집,2,1,1,"맛은 있다         가격은, 맛은 있다",
봉산집,2,1,1,얼마나 맛있게,사장은 아니더라고
봉산집,1,1,0,"음식은 맛있다, 맛있다  그런데",간 밸런스가 안맞는
봉산집,1,1,0,된장찌개 맛있음,
봉산집,2,1,1,얼마나 맛있게,사장은 아니더라고
봉산집,1,1,0,"음식은 맛있다, 맛있다  그런데",간 밸런스가 안맞는
황소곱창,1,1,0,"맛있어요 곱창대창 다, 맛있어요   껍데기는 제가, 맛있어요 좀 비싸긴한데, 무 맛있어요, 다 맛있어요, 세상 맛있어요, 맛있어요 곱창대창, 맛있어요   껍데기는, 맛있어요 좀",
황소곱창,1,1,0,"맛있는 곱창집 찻기, 이만큼 맛있는, 맛있는 곱창집",
황소곱창,1,1,0,껍데기 맛있음,
흑돈가 삼성역점,1,0,1,다시는 방문,"사장부터 매우 불친절하고, 다시는 방문 안할"
흑돈가 삼성역점,1,0,1,,"맛이 없네요   재방문은, 맛이 없네요"
흑돈가 삼성역점,1,0,1,,"직원불친절  이 시국에, 직원불친절  이"
흑돈가 삼성역점,2,0,2,,"직원들이 다들 안해도, 직원들이 다들 안해도, 다시 안온답니까  계산도"
흑돈가 삼성역점,1,0,1,,서비스가 많이 아쉽네요
흑돈가 삼성역점,2,1,1,맛있어요  근데,서비스가 너무 불친절해요
흑돈가 삼성역점,2,1,1,"맛은 있다  가격의, 맛은 있다",
흑돈가 삼성역점,2,1,1,"맛있다  고기가 맛있다, 멜젖이 맛있다, 고기가 맛있다, 맛있다  고기가, 맛있다  가격이",
바오바오,1,0,1,,직원들 싸가지 진짜없음
바오바오,1,1,0,"요리 맛있습니다, 맛있습니다  직원들도",
명인등심 삼성직영점,1,1,0,너무 맛있어요,
명인등심 삼성직영점,1,1,0,맛이 있었는데,
아야진생태찌개 본점,1,1,0,맛있어요 다만,
아야진생태찌개 본점,1,0,1,,
아야진생태찌개 본점,1,1,0,"신선한집 또한 찾기힘듦, 저는 신선하고, 신선한집 또한",맛있었어요 특징없긴하지만
유촌참치마을 삼성점,1,1,0,"맛있어요  붉은살은 약간, 너무 맛있어요, 맛있어요  붉은살은",
서백자간장게장,1,1,0,"너무 맛있는데요, 맛있는데요  반찬도",간장게장 안짜고
서백자간장게장,1,1,0,음식은 맛있었어요,
곰바위,1,1,0,"맛있어요  점심은 곱창국밥이, 제일 맛있음, 맛있어요  점심은",
곰바위,1,0,1,,서비스 품질이 안좋아요
곰바위,1,1,0,맛있어요 여전히,
곰바위,1,1,0,서비스가 좋은것도,
곰바위,1,1,0,서비스가 좋다면,
곰바위,1,0,1,,"직원 서비스최악에, 서비스최악에 비싸고"
곰바위,1,0,1,,
곰바위,1,1,0,"맛있을 것이다  고급스러운, 무엇이든 맛있을, 맛있을 것이다, 최고의 집  내, 최고의 집",
곰바위,1,1,0,"맛있어서 갔다가 소고기까지, 양이 맛있어서, 맛있어서 갔다가",맛의 고기가 나오질않나
곰바위,2,2,0,"분위기 좋으나 맛은, 좋으나 맛은",
삿뽀로야끼,1,1,0,정말 맛있는데,
닭으로가 삼성코엑스점,1,1,0,"맛있으나 특별한 느낌은, 맛있으나 특별한",
닭으로가 삼성코엑스점,1,1,0,"정말 부드럽고, 최고의 닭갈비 맛집이라고, 국내 최고의, 최고의 닭갈비",
당나라,1,1,0,정말 맛있네요,
신마포갈매기 삼성역점,1,1,0,"다 맛있습니다, 맛있습니다  프랜차이즈이지만",맛집 부럽지 않습니다
더그릴630,2,2,0,"고급진 분위기네요, 맛있어요 고기가 입에, 진짜 맛있어요, 맛있어요 고기가",
더그릴630,1,1,0,"너무 맛있어서, 맛있어서 행복했다",
해품초 삼성점,1,1,0,맛 서비스 다좋아요,
해품초 삼성점,2,0,2,,"서비스의 질이 형편없어지는, 안 간다"
금수강산,2,2,0,"사장님이 친절하세요, 맛있어요  사장님이 친절하세요, 너무 맛있어요, 맛있어요  사장님이",
금수강산,1,0,1,,"간째 안나와서 물어보니, 간째 안나와서"
경성면옥,1,1,0,"맛있어요 조금 비싸요, 참 맛있어요, 맛있어요 조금",
경성면옥,1,1,0,"맛있는 곳    그리고, 참 맛있는, 갖고와서 맛있게, 맛있는 곳",
인터컨티넨탈 서울 코엑스 아시안라이브,2,2,0,"분위기 모두 최고예요, 모두 최고예요",
밀밭,1,1,0,"맛있다   시원한 맛과, 맛을 더 좋게, 맛있다   시원한",
안동찜닭해물떡찜,1,1,0,사장님이 친절하고,
안동찜닭해물떡찜,1,0,1,,"맛없다는 우려와달리 안동찜닭체인점, 댓글에서 맛없다는, 맛없다는 우려와달리"
안동찜닭해물떡찜,1,0,1,,사장님이 불친절하기도
르사이공 코엑스점,1,0,1,,"맛없는 쌀국수는  없었다, 맛없는 쌀국수는"
르사이공 코엑스점,1,0,1,,"그래요 맛없진, 맛없진 않고"
르사이공 코엑스점,3,0,3,,"직원 불친절 가격, 직원 불친절 가격, 음식 양 터무니없이"
르사이공 코엑스점,1,0,1,,"맛없어요 면과 국물이, 대비 맛없어요, 맛없어요 면과"
르사이공 코엑스점,1,1,0,"맛있는  프리미엄 쌀국수, 아주 맛있는, 맛있는  프리미엄",
니뽕내뽕 코엑스점,1,1,0,니뽕내뽕맛 맛있어용,
니뽕내뽕 코엑스점,1,1,0,"맛있다 피자는 맛이, 리조또는 맛있다, 맛있다 피자는",
니뽕내뽕 코엑스점,1,0,1,,"이집 다시는안갑니다, 최악이에여 음식을"
니뽕내뽕 코엑스점,1,1,0,알바가 더 친절함,
니뽕내뽕 코엑스점,1,1,0,"친구가 맛있대서, 맛있대서 처음",
니뽕내뽕 코엑스점,1,0,1,,안내 알바들
니뽕내뽕 코엑스점,1,0,1,,사장인지무엇인지  너무 불친절
니뽕내뽕 코엑스점,1,1,0,비슷비슷하네요  맛좋음,
니뽕내뽕 코엑스점,1,1,0,알바가 더 친절함,
니뽕내뽕 코엑스점,1,1,0,"친구가 맛있대서, 맛있대서 처음",
니뽕내뽕 코엑스점,1,0,1,,안내 알바들
그랜드마오 코엑스몰점,1,1,0,,
그랜드마오 코엑스몰점,1,1,0,"맛있을땐 정말 최고이고, 심합니다  맛있을땐, 맛있을땐 정말, 정말 최고이고",
그랜드마오 코엑스몰점,1,1,0,"신선도가 심히 의심됨, 재료의 신선도가, 신선도가 심히",
그랜드마오 코엑스몰점,1,1,0,맛볼 수 있는,
그랜드마오 코엑스몰점,2,2,0,"사장님이 아주 친절하시고, 꿔바로우가 맛있어요, 맛있어요 강추",
멘무샤 코엑스점,1,0,1,,맛이 매운맛밖에 없음
멘무샤 코엑스점,1,0,1,,"맛없습니다  라멘에 파맛밖에, 진짜 맛없습니다, 맛없습니다  라멘에, 맛밖에 안나군요"
멘무샤 코엑스점,2,0,2,,"서비스 진짜 최악입니다, 사장님이 너무 싸가지가없어요, 싸가지가없어요 맛도"
멘무샤 코엑스점,1,0,1,,"맛으로 괜찮네요  맛없는곳은, 괜찮네요  맛없는곳은, 맛없는곳은 아닌듯"
멘무샤 코엑스점,2,0,2,,"직원들 친천 안했어요, 음식 같지않다 여러분이, 맛이 그량 맛있지않아요, 그량 맛있지않아요, 맛있지않아요  일본"
멘무샤 코엑스점,1,0,1,,"않을까요  

사장이"
멘무샤 코엑스점,1,1,0,"여기가 맛있다고요, 맛있다고요    진짜",
멘무샤 코엑스점,1,0,1,국물이 맛있는것도,"맛없어요 충격적임 라멘에, 맛없어서 화가나요    리뷰, 제일 맛없어요, 끊어지는 맛없는, 아닌가요  맛없어서, 맛없어요 충격적임, 맛없는 면, 맛없어서 화가나요"
멘무샤 코엑스점,1,1,0,맛있는데다 직원도,
멘무샤 코엑스점,1,1,0,"너무 맛있어요, 맛있어요  양도",
멘무샤 코엑스점,1,1,0,먹었습니다  맛있게,
멘무샤 코엑스점,1,0,1,,"맛이없어요   기분 나쁜, 맛이없어요   기분"
멘무샤 코엑스점,1,0,1,,"맛이 없습니다  지금까지, 맛이 없습니다"
멘무샤 코엑스점,1,0,1,,"맛보다 못함 다른, 맛보다 못함"
멘무샤 코엑스점,2,0,2,,"직원 불친절    튀김도, 맛없는 음식 먹어본, 라멘 맛없게, 맛없는 음식"
멘무샤 코엑스점,2,1,1,직원분들은 친절했는데,"맛이 없다 이것은, 맛이 없다"
멘무샤 코엑스점,1,0,1,,자체가 맛이없음
멘무샤 코엑스점,1,0,1,,"맛없어요  돈코츠 라멘, 맛없어요  돈코츠"
멘무샤 코엑스점,2,1,1,맛  가격  좋습니다,
멘무샤 코엑스점,1,0,1,,"맛이 없어요   웬만하면, 맛이없어도너무없다는 말 밖에, 정말 맛이없어도너무없다는, 맛이 없어요, 맛이없어도너무없다는 말"
멘무샤 코엑스점,1,1,0,"맛이 좋습니다   어중간한, 맛이 좋습니다",
멘무샤 코엑스점,1,0,1,,"국물 맛없고, 맛없어요  짜고"
멘무샤 코엑스점,1,0,1,,"맛이 없어서 화가, 맛이 없어서"
하동관 코엑스몰직영점,1,1,0,"맛이 최고입니다, 맛이 최고입니다",
하동관 코엑스몰직영점,1,0,1,,직원들 불친절
하동관 코엑스몰직영점,1,0,1,,
하동관 코엑스몰직영점,1,1,0,국물이 맛있는데,
하동관 코엑스몰직영점,1,0,1,,
하동관 코엑스몰직영점,1,0,1,,"맛없는 곰탕  처음, 맛없는 곰탕"
하동관 코엑스몰직영점,1,1,0,"맛있다는 사람들  진짜, 진짜 맛있는, 맛있다는 사람들, 맛있는 곰탕",맛있는 곰탕 못
하동관 코엑스몰직영점,2,2,0,"최상의 서비스가, 맛 최고의 김치, 최고의 맛 최고의, 맛 최고의, 최고의 맛, 최고의 김치",
하동관 코엑스몰직영점,2,2,0,"직원분 모두 친절하시고, 깔끔해서 맛있게, 모두 신선하고",
하동관 코엑스몰직영점,2,1,1,"맛있어요 음식은 나쁘진, 맛있어요 음식은","서비스가 최악이에요, 음식은 나쁘진 않은데"
하동관 코엑스몰직영점,1,1,0,"진짜 맛있어요, 너무 맛있음, 맛있어요 국물도",
하동관 코엑스몰직영점,1,1,0,"최고의 한그릇과 최고의, 더더욱    최고의, 한그릇과 최고의, 최고의 한그릇과, 최고의 김치가",
하동관 코엑스몰직영점,2,2,0,더 맛있다,
하동관 코엑스몰직영점,2,1,1,"맛있어요  식당이 크고, 원  맛있어요, 맛있어요  식당이","서비스는 별로 기대하지, 서비스는 별로"
하동관 코엑스몰직영점,2,1,1,너무 맛있음,
하동관 코엑스몰직영점,1,1,0,맛은 있지만,
하동관 코엑스몰직영점,1,1,0,직원분들이 정말 친절해서,
하동관 코엑스몰직영점,1,0,1,,최악의 서비스였네요
하동관 코엑스몰직영점,1,1,0,"맛있는건지 몰랐다   그런데, 이렇게나 맛있는건지, 맛있는건지 몰랐다",
하동관 코엑스몰직영점,1,0,1,,맛이랄까  김치가 개인별로
하동관 코엑스몰직영점,1,1,0,"맛있어요 김치깍두기두 개운하니, 고소하구 맛있어요, 맛있어요 김치깍두기두, 고소하구 맛있어요 김치깍두기두, 고소하구 맛있어요",안나구 고소하구
미사리밀빛초계국수 코엑스점,1,1,0,육수가 맛있고,
미사리밀빛초계국수 코엑스점,1,0,1,,김치가 맛없
미사리밀빛초계국수 코엑스점,1,1,0,별로  맛없음,
미사리밀빛초계국수 코엑스점,1,0,1,,"맛없어요    초계국수 국물과, 맛없어요    초계국수"
미사리밀빛초계국수 코엑스점,1,0,1,닭은 신선하지,"신선하지 않아요 굴국밥, 신선하지 않아요"
미사리밀빛초계국수 코엑스점,1,1,0,"고소한 들깨 칼국수, 초계국수와 고소한, 고소한 들깨",
미사리밀빛초계국수 코엑스점,1,1,0,"맛있다   오 코엑스, 본점보다 맛있다, 맛있다   오",
도모다찌,2,0,2,,"알바분들 일머리가없음, 알바분들 일머리가없음"
도모다찌,1,0,1,,"간이하나도안맞고요     후      비싼돈아니었어도, 장어덮밥 간이하나도안맞고요, 간이하나도안맞고요     후"
도모다찌,1,0,1,,초밥 맛없고
도모다찌,1,1,0,여기 맛있는데,
도모다찌,1,1,0,맛은 있습니다만,
도모다찌,1,0,1,냉모밀이 맛있는것도,"맛없는거에 카타르시스 느끼는분들에게, 정말 맛이없었음, 의심할만큼 맛없어보였고, 먹어볼정도로 맛없는, 나옴  맛없는거에, 맛없는 냉모밀이었음, 맛없는거에 카타르시스"
더플레이스 코엑스점,1,1,0,계산할때나 맛있냐고,
더플레이스 코엑스점,1,1,0,"맛있을 듯 합니다, 더 맛있을, 맛있을 듯","맛이 없었어요   폭탄피자는, 맛이 없었어요"
더플레이스 코엑스점,1,1,0,"다 맛있었음, 맛있다하면서 먹었는데",
더플레이스 코엑스점,1,1,0,링귀니가 맛있었고,
더플레이스 코엑스점,1,0,1,,
더플레이스 코엑스점,1,0,1,,없어서 직원을
더플레이스 코엑스점,1,1,0,"맛있는 식사   코엑스몰, 단둘이 맛있는, 맛있는 식사",
예가낙지마을 스타필드코엑스점,1,1,0,"맛집이 별로 없는, 맛있는 집  깔끔하고, 게중 맛있는, 맛있는 집",맛집이 별로
예가낙지마을 스타필드코엑스점,1,1,0,완전 맛있어요,
마쯔가제,1,1,0,,
이화원,1,1,0,"맛있었고요   직원분께서 추천해주신, 정말 맛있었고요, 맛있었고요   직원분께서",
이화원,1,1,0,좋아하는 맛집,
동경,1,0,1,,"참   음식맛없는건, 음식맛없는건 이해하겠는데, 맛없는건 이해하겠는데"
동경,1,0,1,,맛 드럽게없습니다 돈
동경,1,0,1,,"맛없어서 이것은 평써야해, 너무 맛없어서, 맛없어서 이것은"
동경,2,1,1,"직원들 친절도는 나쁘지, 직원들 친절도는","맛은 없습니다     차라리, 맛은 없습니다"
동경,1,1,0,더 맛있다고,
동경,1,0,1,,튀김에 싱겁고
동경,1,0,1,,"알바생들밖에 없어서 꾹참고, 알바생들밖에 없어서, 나왔어요  다시는안갑니다, 다시는안갑니다  별한개주는것도"
동경,1,1,0,제일 맛있음,
동경,1,1,0,,
동경,1,0,1,,"알바생들밖에 없어서 꾹참고, 알바생들밖에 없어서, 나왔어요  다시는안갑니다, 다시는안갑니다  별한개주는것도"
동경,1,1,0,제일 맛있음,
반하는보쌈&밥상 코엑스점,1,0,1,,직원분들이 불친절함
반하는보쌈&밥상 코엑스점,1,0,1,,
반하는보쌈&밥상 코엑스점,1,1,0,"이것보단 맛있게, 재료의 신선도는, 신선도는 떨어졌고",
서울덮밥,1,1,0,"맛있어요  세트 시키면, 김치찜 맛있어요, 맛있어요  세트",
본죽 삼성차관아파트점,1,1,0,간 맞춰갔더니 닫혀있네요,
본죽 삼성차관아파트점,1,0,1,,음식이 재료가 없다고하여
카페마마스 코엑스점,1,0,1,,"알바생 불쾌할정도로 불친절하네요, 불친절하네요 알바때문에, 의사 없어지는 곳은"
카페마마스 코엑스점,1,0,1,,알바생 불친절해요
카페마마스 코엑스점,1,0,1,,
카페마마스 코엑스점,1,0,1,,음식은 나쁘지않았지만
카페마마스 코엑스점,1,1,0,맛있어요  근데,
보리밀,1,1,0,"사장님이 매우 친절하세요, 맛과 신뢰가 있으셨던거, 다 맛있고","않았습니다  사장님이, 그동안 맛과"
보리밀,2,2,0,"맛있어서 종종 들르는, 맛있어서 종종",맛이 없음
이남장 삼성점,1,0,1,,
이남장 삼성점,1,1,0,너무 맛있게,
이남장 삼성점,1,1,0,"맛있어요    특을 시키면, 정말 맛있어요, 맛있어요    특을",
이남장 삼성점,2,2,0,"너무 맛있었습니다, 맛있었습니다  다음에도",
이남장 삼성점,1,1,0,너무 맛있네요,
이남장 삼성점,2,2,0,너무 맛있고,
이남장 삼성점,1,1,0,"맛집은 이유가 있는, 듯  맛있게",
이남장 삼성점,1,0,1,그리 맛있지는,"맛있지는 않네요  그냥, 맛있지는 않네요"
안박사남원추어탕,1,1,0,"맛있는 곳과 평타인, 좋아해서 맛있는, 맛있는 곳과",
안박사남원추어탕,2,1,1,,괜찮은편이나 맛집은아니고
안박사남원추어탕,1,1,0,추어탕   맛있음,
안박사남원추어탕,1,1,0,굉장히 맛있었어요,
안박사남원추어탕,1,1,0,정말 맛있고,
안박사남원추어탕,1,1,0,맛 있네요 가족들도,
안박사남원추어탕,1,0,1,,직원 매우 불친절
안박사남원추어탕,1,1,0,너무 맛있어요,
안박사남원추어탕,1,1,0,,
안박사남원추어탕,1,1,0,너무 맛있게,
가원궁마을숯불갈비,1,0,1,,"맛이 없는건 아닌데, 맛이 없는건"
가원궁마을숯불갈비,1,1,0,맛이 있음,
수서골목냉면,1,1,0,냉면이 맛있다,
수서골목냉면,1,0,1,,없는 서빙하는
수서골목냉면,1,1,0,좋아요 맛있고,
수서골목냉면,1,1,0,,
산낙지무교동홍낙 수서점,2,2,0,"사장님은 친절하신데, 맛있는지는 모르겠다 사장님은, 그렇게까지 맛있는지는, 맛있는지는 모르겠다",
산낙지무교동홍낙 수서점,1,1,0,"진짜 맛있지만, 정말 맛있습니다",
일미원,1,0,1,,
일미원,1,1,0,매우 맛있었습니다,
일미원,1,0,1,,
대가방 압구정점,1,1,0,사장님 언제나 친절하시고,
대가방 압구정점,2,2,0,"사장님 친절   탕수육, 사장님 친절, 맛 최고임  자주, 최고임  자주 방문하는, 맛 최고임, 최고임  자주",
대가방 압구정점,1,1,0,"맛있어요 전통의 중국집, 다 맛있어요, 맛있어요 전통의",
대가방 압구정점,2,2,0,"사장님 대박 친절하시고, 짱 맛있어요",
대가방 압구정점,2,2,0,"사장님 친절하시고, 간이 세지 않고, 만큼 맛있었어요, 맛있었어요 
부먹인데도",간이 세지
대가방 압구정점,1,1,0,"새콤달콤 맛있었다, 맛있었다 고기상태도",
대가방 압구정점,1,1,0,"탕수육 맛있다, 맛있다  맛집인정",
압구정샤브샤브 본점,1,1,0,"맛있는  느낌입니다  막, 맛있는  느낌입니다",
압구정샤브샤브 본점,1,0,1,정도로 맛있음,"간이 없어서 좀, 간이 없어서"
오미가,1,1,0,맛이좋네요 부모님모시고가면,
루위,1,0,1,,
루위,1,1,0,"맛있다해서 차돌짬뽕 먹어봤어요, 맛있어요  참고로 라스트오더는, 정말 맛있었구, 맛있다해서 차돌짬뽕, 맛있었구   잡채밥도, 맛있어요  참고로",
루위,1,1,0,"맛있다구 해서 재방문, 정도로 맛있었고, 꿔바로우가 맛있다구, 맛있다구 해서",맛 못느낌  꿔바로우
루위,2,2,0,"고기가 맛있고요, 맛있고요  북경오리도",
루위,2,2,0,"좋구 서비스도, 북경오리 맛있게먹었네요",
루위,1,0,1,,
루위,1,1,0,곳  최고에용,
명인등심 본점,2,2,0,"직원분들 친절하시고, 갔을때 맛있게",
명인등심 본점,1,0,1,,"음식점 경험중 최악의, 안하는듯  음식점"
이마스시,1,1,0,"맛있었습니다  회식하기 좋네요, 맛있었습니다  회식하기",
룽청,1,1,0,너무너무 맛있어요,
룽청,1,1,0,"맛있다  프라이빗 룸도, 진짜 맛있다, 맛있다  프라이빗",
룽청,1,0,1,,"간짜장이 간짜장이 아니에요, 별로   간짜장이"
룽청,2,2,0,"직원분들 친절했어요, 음식이 전체적으로 깔끔하니, 깔끔하니 맛있고",
룽청,1,0,1,,"다시는 안갑니다  누가, 다시는 안갑니다, 못하는집   간짜장을"
룽청,1,0,1,,서비스가 많이 아쉽네요
룽청,1,1,0,정말 맛있고,
룽청,1,1,0,,
룽청,1,1,0,"진짜 맛있어요, 맛있어요  최고에요, 맛있어요  최고에요",
룽청,1,0,1,,맛이에요 친절하진 않아요
룽청,1,1,0,맛있어요     카페인줄알았는데,
포앤분짜,1,1,0,"간이 딱 맞고, 간이 딱, 너무 맛있었어요, 맛있었어요   분짜도",
포앤분짜,2,0,2,,"맛이없다  조미료를 덜쓴건가, 맛없다     고기도, 맛이없다  조미료를"
하영호신촌설렁탕 압구정역점,1,0,1,,"맛이 없어요  그냥, 맛이 없어요"
한일관 압구정점,2,0,2,,맛이 없음
한일관 압구정점,1,1,0,"맛있어요 다른지점보다 역시, 맛있어요 다른지점보다",
한일관 압구정점,1,1,0,골동반 맛있습니다,
한일관 압구정점,1,1,0,역시 맛있게,
한일관 압구정점,1,1,0,"맛있어서 들어간건 아님, 맛있어서 들어간건",
한일관 압구정점,2,1,1,,"서비스 너무 엉망이라, 서비스 너무 엉망이라, 다시는 가고싶지 않은"
한일관 압구정점,1,1,0,"다 맛있었어요, 맛있었어요 
다만",
한일관 압구정점,1,1,0,"동네에 맛집이있어서, 맛집이있어서 좋음",
한일관 압구정점,1,1,0,"간이 세지 않아, 정갈   간이 세지",간이 세지
한일관 압구정점,1,0,1,,음식들이 자극적이지 않아
한일관 압구정점,2,1,1,"맛있네   

 육개장  갈비탕, 맛은 나름 좋았다, 맛있네   

 육개장, 정갈한 맛으로 제대로, 정갈한 맛으로, 최고의 육개장 
 동경식당, 이후 최고의, 최고의 육개장","간이 그리 세지는, 음식값이 포차의 안주값이다, 음식 금액이 안드로메다급의"
한일관 압구정점,1,1,0,"비싼만큼 맛있네요, 맛있네요 정갈하고, 맛있네요 정갈하고",
한일관 압구정점,1,1,0,"맛나다  냉면은 얼핏, 맛있당 야미야미  후식으로, 맛  맛있당 야미야미, 달달하니 맛나다, 시원한맛  맛있당, 맛나다  냉면은, 맛있당 야미야미",
한일관 압구정점,1,1,0,맛이 있다,
이즈미,1,0,1,,맛없지 않음
삼원가든 본점(휴업중),1,0,1,,간 비용을 세이브하기워해
삼원가든 본점(휴업중),1,1,0,"맛있어서 모든 반찬을, 진짜 맛있었음, 맛있어서 모든",
삼원가든 본점(휴업중),1,1,0,"서비스는 만족스러웠고, 간이 쎄지않아 좋았어요, 간이 쎄지않아, 맛있었습니다 전체적으로 간이, 다 맛있었습니다, 맛있었습니다 전체적으로",없었어요 서비스도
삼원가든 본점(휴업중),1,0,1,,
삼원가든 본점(휴업중),1,1,0,"서비스가 좋지, 맛은 있는데",서비스가 좋지 않다
삼원가든 본점(휴업중),1,0,1,,서비스가 아주 엉망입니다
삼원가든 본점(휴업중),1,0,1,,서비스는 그야말로 최악
삼원가든 본점(휴업중),1,0,1,,
삼원가든 본점(휴업중),2,2,0,"서비스 괜찮았다  정원이, 국수사리  맛있음",
금수복국 압구정점,1,1,0,탕수 맛있어요,
금수복국 압구정점,1,1,0,"맛있네요

참고로 발렛비, 찾아왔어요  맛은좋은데, 맛있네요

참고로",
금수복국 압구정점,1,1,0,맛은 좋은데,
금수복국 압구정점,1,1,0,"맛있는 국밥에는 밥을, 맛있는 국밥에는",별로여서 맛있는
금수복국 압구정점,2,1,1,"맛은 있으니 복은, 맛은 있으니",가성비는좋지않다 맛은
연타발 압구정본점,1,1,0,맛은 좋지만,
연타발 압구정본점,2,1,1,"맛있는 그런 볶음밥은, 슴슴해서 맛있는, 맛있어요  둘다, 맛있는 그런",맛있어요  둘다 질기지않은편
연타발 압구정본점,1,1,0,"진심 맛있어요, 맛있어요 대박",
연타발 압구정본점,1,1,0,너무 맛있음,
연타발 압구정본점,2,1,1,정말 맛있음,
연타발 압구정본점,1,1,0,맛있어요  다만,
연타발 압구정본점,1,1,0,비싸  맛있어,
연타발 압구정본점,2,1,1,정말 맛있음,
최가네 버섯샤브매운탕칼국수,1,1,0,"제일 맛있는, 맛있는 볶음밥",
최가네 버섯샤브매운탕칼국수,1,1,0,제일 맛있었다,
최가네 버섯샤브매운탕칼국수,1,1,0,너무 맛있어요,
최가네 버섯샤브매운탕칼국수,1,1,0,국물 맛있었고,
최가네 버섯샤브매운탕칼국수,1,1,0,너무 맛있,
최가네 버섯샤브매운탕칼국수,1,1,0,너무 맛있,
최가네 버섯샤브매운탕칼국수,2,2,0,"직원들 친절  양, 직원들 친절, 맛있어     직원들 친절, 너무 맛있어, 맛있어     직원들",
최가네 버섯샤브매운탕칼국수,1,0,1,,맛집 아니냐
최가네 버섯샤브매운탕칼국수,1,1,0,훨씬 맛있어집니다,
최가네 버섯샤브매운탕칼국수,1,0,1,,
최가네 버섯샤브매운탕칼국수,1,1,0,메뉴이니 맛있음,
최가네 버섯샤브매운탕칼국수,1,1,0,진짜 맛있고,
최가네 버섯샤브매운탕칼국수,1,1,0,"맛있었어요  샤브샤브 고기는, 맛있었습니다 

특히 마지막, 맛있는 누른밥의 볶음밥입니다, 국물이 맛있었어요, 꼬들꼬들 맛있는, 맛있었어요  샤브샤브, 맛있었습니다 

특히, 맛있는 누른밥의, 최고였습니다  누른밥 좋아하시면, 볶음밥이 최고야, 얼마나 최고겠어, 정말  최고였습니다, 최고야 라고, 최고겠어  생각했는데, 최고였습니다  누른밥",
최가네 버섯샤브매운탕칼국수,1,1,0,"맛있었어요 찌개먹는느낌이라 그리고, 엄청 맛있었어요, 맛있었어요 찌개먹는느낌이라",
최가네 버섯샤브매운탕칼국수,1,1,0,너무 맛있게,
최가네 버섯샤브매운탕칼국수,1,1,0,"맛있는집   바쁜 압구정, 갈때마다 맛있는집, 맛있는집   바쁜",
최가네 버섯샤브매운탕칼국수,1,1,0,"맛있어요 해장에 최고, 너무 맛있어요, 맛있어요 해장에",
최가네 버섯샤브매운탕칼국수,1,1,0,"맛있구 종업원분들 친절하세요, 곳  맛있구, 맛있구 종업원분들",
최가네 버섯샤브매운탕칼국수,1,0,1,,"맛엔 별로였다 라고, 맛엔 별로였다"
최가네 버섯샤브매운탕칼국수,2,2,0,"직원들 모두 친절해서, 좋았구요 
맛도",
백하돼지생갈비 압구정점,1,0,1,,수없다는 사장님
이즈미,1,0,1,,맛없지 않음
일치프리아니 압구정점,1,1,0,넘 맛있음,
일치프리아니 압구정점,1,0,1,,"짜다  봉골레 마니아라, 짜다  봉골레 마니아라"
일치프리아니 압구정점,1,1,0,"맛있었네요 담에 피자먹으러, 다 맛있었네요, 맛있었네요 담에",
그랑아 노보텔앰배서더강남점,1,1,0,분위기 좋다 약간,
봉우화로 강남본점,2,0,2,,"알바생이 어이가 없었다, 맛 없어서 가지"
봉우화로 강남본점,1,1,0,냉면은 맛있었어요,
봉우화로 강남본점,1,0,1,맛있어서 갔는데,맛이 예전같지 않아요
봉우화로 강남본점,1,0,1,,간에 연곳이 없다고
봉우화로 강남본점,1,1,0,맛에는 제일 좋았고,
봉우화로 강남본점,1,0,1,,"음식 컬리티가 별로였습니다, 별로였습니다   음식이"
봉우화로 강남본점,1,1,0,이층 맛있다,
나폴리회관,1,0,1,,최악이에요  음식도
나폴리회관,1,1,0,,
나폴리회관,1,0,1,,"직원이 불친절해요    다, 직원이 불친절해요"
나폴리회관,1,0,1,,"음식별로 맛차이가 많이나요, 음식별로 맛차이가, 음식별로 맛차이가"
나폴리회관,1,0,1,,"맛없어요   피자랑 무슨, 맛없어요   주방에서 일하는, 너무 맛없어요, 맛없어요   피자랑, 맛없어요   주방에서"
나폴리회관,1,1,0,"다 맛있다고, 맛있다길래 괜찮을줄알고",
나폴리회관,1,1,0,"맛있었어요  마르게리따는 쫌, 풍기리조또 맛있어요, 맛있었어요  마르게리따는",
나폴리회관,2,1,1,먹어야될거다냥  맛있는데,
나폴리회관,1,1,0,"맛집  토마토리조토 맛있어요, 토마토리조토 맛있어요, 맛있어요 콰트로",
나폴리회관,1,1,0,제일 맛있었어요,
나폴리회관,1,0,1,,"없이 서빙직원들이랑, 다시는 안가고"
나폴리회관,1,0,1,,"없이 서빙직원들이랑, 다시는 안가고"
예담정육식당,1,1,0,음식보다 맛있다고,
예담정육식당,2,1,1,고기는 맛있음,서비스 최악  밥하고
예담정육식당,2,1,1,"고기는 맛있으나, 맛있으나 양심은",맛있으나 양심은 없는곳
대우부대찌개,1,1,0,"너무 맛있는, 맛있는 부찌먹음",
대우부대찌개,1,1,0,너무 맛있게,
대우부대찌개,1,1,0,"맛있다  진짜 다른, 얼큰하니 맛있다, 맛있다  진짜",
대우부대찌개,1,1,0,있는 맛집,
대우부대찌개,1,1,0,"맛있습니다  이정도로 맛있는, 아주 맛있습니다, 이정도로 맛있는, 맛있습니다  이정도로, 맛있는 햄",
대우부대찌개,1,1,0,"맛있어요  미나리 들어있는게, 맛있어요  미나리",
대우부대찌개,1,1,0,"맛있긴 맛있다 으아, 역시 맛있음, 맛있긴 맛있다, 맛있긴 맛있다",
대우부대찌개,2,1,1,맛이 얼큰해서 좋아요,
대우부대찌개,1,1,0,맛은 좋음,
대우부대찌개,1,1,0,,
대우부대찌개,1,1,0,"맛있는건지 회전율이 좋아서, 원래 맛있는건지, 좋아서 맛있는지, 맛있는건지 회전율이, 맛있는지 모르지만",
통영집,1,0,1,,없어졌다  싱싱하고
통영집,1,1,0,너무 맛있어요,
랭돈,1,0,1,,"간다가오니 얘기도없이 앞접시랑, 간다가오니 얘기도없이"
새마을식당 역삼GS점,1,1,0,"맛있습니다   숱이 좋아서인지, 정말 맛있습니다, 너무너무 맛있게, 정말 맛있습니다, 맛있습니다   숱이",
새마을식당 역삼GS점,1,1,0,사장님이 진짜 친절하세요,
새마을식당 역삼GS점,1,1,0,사장님 친절,
능라도 강남점,1,1,0,냉제육  맛있고,
능라도 강남점,1,0,1,,
능라도 강남점,1,1,0,너무 맛있어요,
능라도 강남점,1,1,0,"정석적으로 맛있는, 맛있는 평양냉면",
능라도 강남점,1,1,0,"맛있어요  있는그대로를 주는, 맛있어요  있는그대로를",
능라도 강남점,1,0,1,,서비스가 형편없음
능라도 강남점,1,1,0,"맛이 좋습니다  시중에, 맛이 좋습니다",않을 맛입니다
능라도 강남점,1,1,0,"맛있는 냉면집이랑 너무, 맛있는 냉면집이랑",
능라도 강남점,1,0,1,,맛이랑은 관련없습니다만
능라도 강남점,1,1,0,"맛있습니다   만두 한접시, 맛있습니다 만둣국이랑 평양온반인가, 제일 맛있습니다, 맛있습니다   만두, 맛있습니다 만둣국이랑",
능라도 강남점,1,0,1,,맛은 최악
능라도 강남점,1,1,0,만두는 맛있지만,
능라도 강남점,1,0,1,,"음식에 돈 안아까운데, 맛없어요 육수 추가, 맛없어요 육수"
능라도 강남점,1,1,0,"맛있다  만두는 튼실하고, 아아 맛있다, 맛있다  만두는",
능라도 강남점,1,1,0,확실히 맛있었는데,
능라도 강남점,1,1,0,,
능라도 강남점,1,1,0,최고의 평양냉면,
능라도 강남점,1,1,0,진짜 맛있음,
능라도 강남점,1,0,1,,"맛집 리스트에 안, 면이 싱겁고"
능라도 강남점,1,1,0,"여기가 최고다, 최고다  적당하게",
봉우리 역삼본점,1,1,0,,
봉우리 역삼본점,1,0,1,,"서비스는 아닌거 같아서, 서비스는 아닌거"
봉우리 역삼본점,1,0,1,,"서비스 정말 최악, 다시는 가고싶지 않음"
이도곰탕 본점,1,1,0,직원분들 친절하고,
이도곰탕 본점,1,0,1,,
이도곰탕 본점,1,1,0,"전반적으로 맛있네요, 맛있네요  신김치도",
이도곰탕 본점,1,1,0,김치가 맛있는것도,
이도곰탕 본점,1,0,1,맛은 별로 안난다,"맛은 별로, 사람들이 짜다고, 사람들이 짜다고"
이도곰탕 본점,1,1,0,"맛있는 음식점 찾음, 지대로 맛있는, 맛있는 음식점",
이도곰탕 본점,1,1,0,"음식이 너무 깔끔하고, 맛있어요  최애 곰탕집, 맛있어요  최애",
이도곰탕 본점,1,1,0,"맛있는 집인듯 정말, 젤 맛있는, 맛있는 집인듯, 맛있는곳 발견입니다",
이도곰탕 본점,2,0,2,,음식에 관심이 없으신
이도곰탕 본점,1,1,0,"맛있는 곰탕 집, 여기보다 맛있는, 맛있는 곰탕",
이도곰탕 본점,1,1,0,"맛은있어 자주가는 단골인데, 맛은있어 자주가는",
이도곰탕 본점,1,1,0,"맛있어요  국물이 깔끔합니다, 맛있어요  국물이",
이도곰탕 본점,1,0,1,,"짜다  하동관보다 짜다, 짜다  하동관보다 짜다"
이도곰탕 본점,1,1,0,"맛있다  고기가 좀, 우왕 맛있다, 맛있다  고기가",
연화산 역삼점,1,1,0,다 맛있음,
연화산 역삼점,1,1,0,정말 맛있어요,
연화산 역삼점,1,1,0,많아요  맛있게,
연화산 역삼점,1,1,0,진짜 맛있음,
진수사,1,1,0,너무 분위기좋고,
진수사,1,1,0,지키니 맛좋고,
이화수전통육개장 서울역삼점,1,1,0,맛이 똑같아서 좋타,
한촌설렁탕 역삼GS점,1,0,1,,"맛이에요  맛없어요  김치도, 다른맛이에요  맛없어요, 김치보다 맛없고, 맛이에요  맛없어요"
한촌설렁탕 역삼GS점,1,1,0,너무 맛있음,
강가 역삼점,1,0,1,,알바 개념 없누
일등추어탕,1,0,1,,사장 너무 싸가지가없어요
꽃새우영번지 역삼점,1,0,1,,"알바직원이 개판이다  불친절에, 직원이 개판이다  불친절에, 직원땜시 안간다"
꽃새우영번지 역삼점,1,1,0,"맛있습니다  모듬 메뉴, 맛있습니다  모듬",
꽃새우영번지 역삼점,1,1,0,"뭐가 맛있다는건지, 맛있다는건지 참나",
통영집,1,0,1,,없어졌다  싱싱하고
통영집,1,1,0,너무 맛있어요,
판문점부대찌개 역삼점,1,1,0,"맛이 좋습니다  가격, 맛이 좋습니다",
우밀면옥 상록점,1,0,1,,맛 까다롭지 않기로
우밀면옥 상록점,1,1,0,"맛있는날은 매우 맛있다, 매우 맛있다, 맛있는날은 매우, 맛있다  물론",
우밀면옥 상록점,2,0,2,,"서비스 좋지 않고, 않습니다  맛없고"
우밀면옥 상록점,1,0,1,,"다시는 안 올, 다시는 안, 맛은 아니지만"
우밀면옥 상록점,1,0,1,,맛이 없네요
우밀면옥 상록점,1,1,0,"맛있다는 사람은 지금까지, 여기가 맛있다는, 맛있다는 사람은",
우밀면옥 상록점,1,0,1,,"맛없는 집 첨입니다, 맛없는 집"
우밀면옥 상록점,1,0,1,,"너무 맛없어요, 맛없어요      다남겼네요"
천용,1,1,0,전부 맛있음,
천용,1,0,1,,서비스가 개판이네요
천용,1,1,0,맛 있는 집,
진풍정 강남점,1,1,0,음식 다 깔끔하고,
진풍정 강남점,2,1,1,직원분이 친절하셨습니다,"음식마다 맛없는게, 음식마다 맛없는게"
진풍정 강남점,1,0,1,,천천히 서빙과
진풍정 강남점,1,1,0,친절한 직원들,
진풍정 강남점,1,0,1,,간에대한 사전안내도
진풍정 강남점,1,1,0,불만족스러웠습니다  서비스도,
종수네 춘천숯불닭갈비,1,1,0,"맛있어요 숯불구이 소스가, 막국수가 맛있어요, 맛있어요 숯불구이",
종수네 춘천숯불닭갈비,1,1,0,"맛있었구요
강남에 이가격에, 맛있을것 같네요
담에, 섞여 맛있고, 좋은 맛이네요, 먹으니 맛있었구요, 당연히 맛있을것, 맛있었구요
강남에, 맛있을것 같네요",
강남목장,1,1,0,좋아요   서비스도,
강남목장,3,2,1,"직원분들 감동적일정도로 친절, 비해 맛있는, 냉면이 맛있는, 맛있는 것도, 맛있는 집을",맛있는 집을 못
강남목장,1,1,0,된장찌개 맛있게,
파크루안 역삼점,1,1,0,완전 맛있어요,
파크루안 역삼점,1,1,0,직원분들 너무 친절하고,
파크루안 역삼점,1,1,0,직원분이 센스도,
파크루안 역삼점,2,2,0,"정갈한 고급 중식당, 정갈한 고급",
파크루안 역삼점,2,1,1,"인테리어는 좋네요  참, 인테리어는 좋네요","직원 한분은 불친절, 직원 한분은 불친절"
파크루안 역삼점,1,1,0,와서 맛있게,
파크루안 역삼점,1,0,1,,"맛이 없는 것도, 맛이 없는"
역삼한방삼계탕,1,1,0,"맛있다  본가가 오래, 맛있다  본가가",
사량도회,1,1,0,질이 최고입니다,
사량도회,1,0,1,,음식은 나쁘지 않다고
호보식당,1,1,0,"신선함 한번은 가볼만, 있는 신선함, 신선함 한번은",
호보식당,1,1,0,"맛있는 저녁 한끼였습니다, 정말 맛있는, 맛있는 저녁",
호보식당,1,1,0,직원들이 친절하고,
호보식당,1,0,1,다시 한번 다시,맛이 없고
윤화돈까스,1,1,0,"맛있습니다 얇은 돈까스이고, 맛있습니다 얇은",
윤화돈까스,1,1,0,"맛임  진짜 맛있음, 진짜 맛있음",
윤화돈까스,1,1,0,맛있어요 기사식당이라는데,
윤화돈까스,2,2,0,"맛있었어요 
옆에 고추, 맛있다는 글이 있어서, 더 맛있었어요, 소함박이 맛있다는, 맛있었어요 
옆에, 맛있다는 글이",
윤화돈까스,1,1,0,맛나요 최고,
윤화돈까스,1,1,0,"맛있슴   리모델링으로 청결해서, 맛있슴   리모델링으로, 최고임  생선까스가 생각보다, 돈까스 최고임, 최고임  생선까스가",
윤화돈까스,1,1,0,제일 맛있어요,
윤화돈까스,1,1,0,맛있어요  추천,
윤화돈까스,1,1,0,상당히 맛있는데,
윤화돈까스,2,2,0,"사장님 친절합니다   돈가스는, 사장님 친절합니다, 의외로 맛있음",
윤화돈까스,1,1,0,"맛있었던 기억으로 오랜만에, 맛있었던 기억으로",
윤화돈까스,1,0,1,,간없을때 찾게
윤화돈까스,1,1,0,"대한민국 최고의, 최고의 돈까스집입니다",
윤화돈까스,1,1,0,"맛보았을때의  그 맛있다는, 그 맛있다는, 맛있다는 느낌은",
윤화돈까스,1,1,0,"싱싱한 김치랑 고추를, 싱싱한 김치랑","맛이 아니라 감초의, 맛이 아니라"
윤화돈까스,1,1,0,"고소함과 식감은 있으나, 돈가스의 고소함과, 고소함과 식감은",
지하오 역삼본점,1,1,0,"맛있어요    게다가 강남에서, 짜장면이 맛있어요, 맛있어요    게다가",
진주성 서울본점,1,1,0,"맛있어요  경상도스타일 국물맛도, 다 맛있어요, 맛있어요  경상도스타일",
진주성 서울본점,1,1,0,진주비빔밥 맛있어요,
아야진생태찌개 역삼직영점,1,1,0,정말 맛있게,
아야진생태찌개 역삼직영점,2,0,2,,"서비스 개판입니다
예를, 지금안해요

맛은"
기무,1,0,1,,
기무,1,0,1,,
우리집만두 선릉점,1,1,0,문제가있었던듯요   맛은,
우리집만두 선릉점,1,1,0,맛 볼수 있는곳,
무월식탁 강남본점,1,1,0,"맛있을땐 맛있고, 맛있을땐 맛있고",
무월식탁 강남본점,1,0,1,,"간이 없음, 간이 안되있음, 맛이 안빠져 맛이, 시킴  맛없음, 보쌈 

맛없음, 퍽퍽함  맛없음, 진짜 맛이없었고, 안빠져 맛이, 맛없음

맛, 맛이 안빠져, 맛이 없었음"
무월식탁 강남본점,1,1,0,"맛은 바베큐덮밥은 맛있었어요, 바베큐덮밥은 맛있었어요, 맛있었어요 대창",
무월식탁 강남본점,1,1,0,"맛있었어요 비빔국수와 꼬막비빔밥, 맛있었어요 비빔국수와",
무월식탁 강남본점,1,1,0,"맛있는데요 주방장님 턱스크, 맛있는데요 주방장님",
무월식탁 강남본점,2,1,1,하나 맛있는게,
무월식탁 강남본점,1,1,0,엄청 맛있고,
무월식탁 강남본점,1,1,0,나와서 맛있었어요,
무월식탁 강남본점,1,1,0,"정갈한 한상에 기분, 정갈한 한상에",
무월식탁 강남본점,1,1,0,음식이 깔끔하고,
무월식탁 강남본점,1,1,0,좋아요 맛도,
무월식탁 강남본점,1,1,0,너무 맛있게,
무월식탁 강남본점,1,1,0,"맛있어서 자주 가는, 맛있어서 자주",
무월식탁 강남본점,2,1,1,비빔밥은 맛있는데,
무월식탁 강남본점,2,1,1,적당히 맛있는데,"서비스가 최악이에요  보쌈, 서비스가 최악이에요"
무월식탁 강남본점,2,1,1,"더 맛있습니다, 맛있습니다 저도",음식을 줘야하지 않나요
무월식탁 강남본점,1,1,0,맛은 있는데,
무월식탁 강남본점,1,0,1,,"맛없다 김밥천국이 낫다, 진짜 맛없다, 맛없다 김밥천국이"
무월식탁 강남본점,1,1,0,"맛있어요   강남에서 이정도면, 맛있어요   강남에서",
무월식탁 강남본점,1,1,0,"맛있어서 점차   당골이, 맛있어서 점차",
무월식탁 강남본점,1,1,0,"같이 맛있게먹으로, 맛있게먹으로 오렵니다",
무월식탁 강남본점,1,1,0,,
무월식탁 강남본점,1,1,0,늘 맛있게,
무월식탁 강남본점,1,1,0,굉장히 맛있었고,
무월식탁 강남본점,1,0,1,,
무월식탁 강남본점,1,0,1,,간장새우는 싱겁고
무월식탁 강남본점,1,0,1,,"간이 세다  보쌈이, 간이 세다"
무월식탁 강남본점,1,0,1,,새우장이 싱겁고
무월식탁 강남본점,1,0,1,,못해 직원을
화기애애 강남점,1,1,0,"직원분 특히 친절하셨고, 직원분들 친절하셨고",
화기애애 강남점,1,1,0,직원분들이 친절하심,
화기애애 강남점,1,1,0,좋은 분위기라고,
화기애애 강남점,1,1,0,"맛있었어요 분위기도, 정말 부드럽고",
하이라훠궈,1,1,0,"제일 맛있네요, 맛있네요 여기가",
하이라훠궈,1,1,0,훨씬 맛있고,
하이라훠궈,1,1,0,"맛있어요   둘이서 고기, 너무 맛있어요, 맛있어요   손님, 맛있어요   둘이서, 너무 신선하고",맛있어요   손님 없어서
하이라훠궈,1,1,0,"맛있어요 큰길에 훠궈집이, 정도로 맛있어요, 여전히 맛있어요, 맛있어요   재료들도, 맛있어요 큰길에",
하이라훠궈,1,1,0,"싱싱한 야채퀄리티는 처음이예요, 싱싱한 야채퀄리티는",
하이라훠궈,1,0,1,,간한 가루베이스가 아닌
하이라훠궈,1,0,1,,직원 분들이 불친절하나
하이라훠궈,1,1,0,직원분들 모두 친절해요,
백억하누,1,1,0,"모두 맛있게, 왕갈비탕 맛있네요",
백억하누,2,1,1,"맛있어요 거긴 다, 맛있는 집은 바보에요, 다음에는 맛있게, 다음에는 맛있게, 더 맛있어요, 엄청 맛있네요, 계속 맛있는, 맛있어요 거긴, 맛있네요 가격차이도, 맛있는 집은","직원들이 맛 없다고, 맛이 없을 수, 맛이 없을, 맛이 없다고"
금문도,1,0,1,,사장님이 너무 예의가없으세요
금문도,1,1,0,"맛있어요 남자 사장님분이셨는데, 맛있어요 남자",
금문도,1,1,0,"맛있다 만족스러운 맛이다, 먹었다 맛있다, 맛있다 만족스러운",
금문도,1,0,1,,서빙 형편없습니다 물도
금문도,1,0,1,,무리없이 맛있게
금문도,1,0,1,,
종로삼계탕 강남점,1,1,0,닭도리탕 맛있고,
갓덴스시 강남점,1,1,0,"맛있어서 자주가요   추천추천, 맛있어서 자주가요",
갓덴스시 강남점,1,1,0,"제일 맛있어서, 맛있어서 웨이팅해서라도",
갓덴스시 강남점,1,1,0,"맛있어요  한 번, 맛있어요  한",
갓덴스시 강남점,1,1,0,"직원분들 친절하시구  파튀김연어, 직원분들 친절하시구",
갓덴스시 강남점,2,1,1,맛볼 수 있었고,
갓덴스시 강남점,1,1,0,"맛있어요   제가 먹은, 무지 맛있어요, 특히나 맛있었어요, 맛있어요   제가, 맛있었어요 가격도, 신선한 것 같고, 신선한 것",
갓덴스시 강남점,1,1,0,먹을만큼 맛있어요,
갓덴스시 강남점,1,1,0,"너무 맛있어요, 맛있어요  가격도",
갓덴스시 강남점,1,1,0,"여기가 최고입니다, 최고입니다  이랏샤이맛세",
갓덴스시 강남점,1,1,0,"맛있는거같긴하네요  가격대는 좀, 유난히 맛있는거같긴하네요, 맛있는거같긴하네요  가격대는",
갓덴스시 강남점,1,1,0,"신선한 초밥들이 나온다는게, 빨라 신선한, 신선한 초밥들이, 최고인것 같습니다  

점심, 강남점이 최고인것, 최고인것 같습니다",
갓덴스시 강남점,1,1,0,"맛있어요 간이 좀, 맛있어요 간이",
갓덴스시 강남점,1,1,0,지점보다 싱싱하고,
갓덴스시 강남점,1,1,0,"다른지점보다 맛있어서, 맛있어서 먼길이지만",
갓덴스시 강남점,2,2,0,"직원분들이 친절하시고, 아주 맛있네요, 맛있네요  튀김류도",
갓덴스시 강남점,1,1,0,"맛있어서인지 줄을 한시간, 불매운동중인데여긴 맛있어서인지, 맛있어서인지 줄을",
갓덴스시 강남점,1,1,0,,
갓덴스시 강남점,1,1,0,"암튼 맛있어요, 맛있어요  새우튀김도",
갓덴스시 강남점,2,1,1,"맛볼수 있는 일본의, 맛볼수 있는",
갓덴스시 강남점,1,1,0,"맛있어여 트러플오일 새우, 새우 맛있어요, 맛있어여 트러플오일, 맛있어요 그리고",
갓덴스시 강남점,1,1,0,서비스가 진짜 좋음,
갓덴스시 강남점,2,2,0,있다 맛은,
갓덴스시 강남점,1,0,1,,
갓덴스시 강남점,1,1,0,"맛있는 스시집이 많아서, 워낙 맛있는, 맛있는 스시집이",
갓덴스시 강남점,1,1,0,역시나 맛있음,
갓덴스시 강남점,2,1,1,직원들 친절하고,
갓덴스시 강남점,1,1,0,"맛있었어용  웨이팅이 길긴했지만, 제일 맛있었어용, 맛있었어용  웨이팅이",
갓덴스시 강남점,2,2,0,"직원분들이 너무 친절하셔서, 맛있어요  직원분들이 너무, 맛있어요  직원분들이",
갓덴스시 강남점,1,1,0,"맛있는 초밥 골라먹으면, 맛이 있어서 하나, 맛있는 초밥, 맛이 있어서",
갓덴스시 강남점,1,1,0,전체적으로 맛있고,
갓덴스시 강남점,2,2,0,"가성비 맛도최고에요, 맛도최고에요  가게, 최고에요  가게",
갓덴스시 강남점,1,1,0,"신선해요 밥에있는 조미료때문에, 신선해요 밥에있는",
갓덴스시 강남점,1,1,0,맛있어요  근데,
갓덴스시 강남점,2,2,0,"서비스 좋은줄 아나, 값만큼 맛있어야지",
갓덴스시 강남점,1,1,0,,
갓덴스시 강남점,3,1,2,서비스   친절은 하지만,음식이 잘 못나왔다
갓덴스시 강남점,1,1,0,"맛있어서 좀 많이먹었나봐, 나왔다  맛있어서, 맛있어서 좀",
광양본가 강남역국기원사거리점,1,1,0,가지반찬 맛있어요,
육전식당 4호점,1,1,0,육즙팡팡 부드럽게,
육전식당 4호점,1,1,0,"맛있네요    소금 갈치젓, 자체가 맛있네요, 다 맛있어요, 맛있네요    소금",
육전식당 4호점,1,1,0,"너무 맛있었어요, 맛있었어요  고기도",맛이없어요   고기많이드세요
육전식당 4호점,2,1,1,맛은 있지만,
육전식당 4호점,2,2,0,"직원 친절  고기, 고기 맛있음",
육전식당 4호점,1,1,0,"맛있어요  데려간 지인들도, 진짜 맛있어요, 맛있어요  데려간",
육전식당 4호점,2,2,0,"직원분들 친절, 목살이 맛있음",
육전식당 4호점,1,1,0,"맛있어요    깜놀      육즙이, 진짜 맛있어요, 감사합니다  맛있게, 맛있어요    깜놀",
육전식당 4호점,1,0,1,,본점갈필요없어요  사장님
육전식당 4호점,1,1,0,"맛있습니다   오랜시간 웨이팅, 고기 맛있습니다, 맛있습니다   오랜시간",
육전식당 4호점,1,1,0,서비스는 좋음,
육전식당 4호점,1,1,0,맛있다  하지만,
육전식당 4호점,1,1,0,고기는 맛있는데,
육전식당 4호점,1,1,0,"맛있어요 꼭 가보시길, 너무 맛있어요, 맛있어요 꼭",
육전식당 4호점,1,1,0,완전 맛있음,
육전식당 4호점,1,0,1,,
육전식당 4호점,1,1,0,완전 맛있었음,
육전식당 4호점,1,1,0,목살이 맛있음,
육전식당 4호점,1,1,0,맛있습니다  다만,
육전식당 4호점,1,1,0,최상으로 맛있고,
육전식당 4호점,1,1,0,"맛있어  일하시는 분들도, 맛있어  일하시는",
육전식당 4호점,1,0,1,,"직원분께서  일본인안간다  이러시는걸, 직원분께서  일본인안간다"
육전식당 4호점,1,1,0,너무 맛있고,
육전식당 4호점,2,2,0,"직원분이 몹시 친절했어요, 평처럼 맛있어요",
육전식당 4호점,1,1,0,"맛이 좋아요, 정말 부드럽고",
육전식당 4호점,2,1,1,훌륭 최고임,
육전식당 4호점,1,1,0,"고기 맛있는데, 찬은 정갈하게",
육전식당 4호점,1,1,0,"맛있다 육즙  소고기먹는, 진차 맛있다, 맛있다 육즙",
육전식당 4호점,1,1,0,"진짜 맛있다, 맛있다    고든램지도",
육전식당 4호점,1,1,0,역시 맛있다,
두껍삼 역삼직영점,1,0,1,,"맛이 없진 않은데, 맛이 없진"
두껍삼 역삼직영점,1,1,0,전부 맛있어요,
두껍삼 역삼직영점,1,0,1,,
두껍삼 역삼직영점,2,1,1,특별함은   맛은있음,
두껍삼 역삼직영점,2,1,1,"맛은있으나 가격이 생각보다비싸서, 맛은있으나 가격이",
두껍삼 역삼직영점,2,1,1,,맛이 나쁘진 않은데
두껍삼 역삼직영점,1,0,1,,"서비스  위생 최악, 알바인지 직원인지 미안하단말, 직원인지 미안하단말 한마디도, 직원인지 미안하단말"
두껍삼 역삼직영점,1,1,0,"맛있어요  옷에 냄새도, 숙성삼겹살 맛있어요, 맛있어요  옷에",
두껍삼 역삼직영점,1,1,0,"맛있어요  삼겹살이랑 소고기, 맛있네요  직접 구워줘서, 진짜 맛있어요, 맛있어요  삼겹살이랑, 맛있네요  직접, 아주 부드럽고",
두껍삼 역삼직영점,1,1,0,고기는 맛있는데,
두껍삼 역삼직영점,1,1,0,"맛있는네 목살은 거의, 삼겹은 맛있는네, 맛있는네 목살은",
노란상소갈비 강남직영점,1,1,0,"맛있었습니다  수원갈비는 정갈비, 더 맛있었습니다, 맛있었습니다  수원갈비는, 정갈비  먹보니 조금, 수원갈비는 정갈비, 정갈비  먹보니",
노란상소갈비 강남직영점,2,2,0,"정갈비 이동갈비순으로 먹었는데, 생갈비 정갈비, 정갈비 이동갈비순으로",
노란상소갈비 강남직영점,1,1,0,"맛있어용 양은 좀, 너무 맛있어서, 맛있어용 양은, 맛있어서 괜찮음",
노란상소갈비 강남직영점,2,2,0,"가성비 최고입니다, 최고입니다   지인들에게",
노란상소갈비 강남직영점,1,1,0,"맛있는 실비형 소갈비, 정말 맛있는, 맛있는 실비형",
노란상소갈비 강남직영점,1,1,0,넘 맛있음,
노란상소갈비 강남직영점,1,1,0,"맛있는 집  생갈비를, 맛있는 집",
우동명가 기리야마본진,1,1,0,계란초밥 맛있음,
우동명가 기리야마본진,1,1,0,"우동은 맛있었음, 더 맛있음",
우동명가 기리야마본진,1,1,0,평이했으나 신선하고,
우동명가 기리야마본진,1,1,0,냉우동중 최고예요,
우동명가 기리야마본진,1,1,0,"맛좋은 나베우동  서브로, 맛좋은 나베우동",
우동명가 기리야마본진,1,1,0,진짜 맛있는데,
우동명가 기리야마본진,1,0,1,,
우동명가 기리야마본진,1,1,0,"탱글  맛있네요, 맛있네요    근데",
우동명가 기리야마본진,2,1,1,맛은 있는데,
우동명가 기리야마본진,1,1,0,"최고입니다  맛집, 최고입니다  맛집 불모지, 정말 최고입니다, 최고입니다  맛집",
우동명가 기리야마본진,1,1,0,맛있는가  최고,
우동명가 기리야마본진,2,1,1,돈까스 맛있다고,
우동명가 기리야마본진,1,1,0,완전 맛있고,
우동명가 기리야마본진,1,0,1,,
우동명가 기리야마본진,1,1,0,카레우동 맛있지만,
우동명가 기리야마본진,1,0,1,,
우동명가 기리야마본진,1,1,0,"있다  맛은, 정갈하다  식기 하나도, 굉장히 정갈하다, 정갈하다  식기",
우동명가 기리야마본진,2,1,1,"맛집중 최고입니다 육수도, 맛집중 최고입니다, 맛이 있고, 우동맛집중 최고입니다, 최고입니다 육수도",
우동명가 기리야마본진,1,1,0,"맛이 있다 
게다가, 맛이 있다, 부드럽다 
면이 쫄깃하다는, 여기는 부드럽고, 부드럽다 
면이","음식이 아니다 
내가, 음식이 아니다"
우동명가 기리야마본진,1,1,0,"맛있는 우동집이 많기때문, 먹을만큼 맛있진, 맛있는 우동집이","맛있진 않다 다른, 맛있진 않다"
우동명가 기리야마본진,1,0,1,,간 못미치는 느낌
우동명가 기리야마본진,1,1,0,"맛있는 우동을 먹었네요, 맛있는 우동을",
희래식당,2,1,1,"맛은 최고다   이미, 맛은 최고다, 최고다   이미 악평을, 맛은 최고다, 최고다   이미","사장님이 불친절한 이유는, 사장님이 불친절한, 직원이 없이 계산, 직원이 없이"
희래식당,1,0,1,,서비스가 제일로 문제입니다
희래식당,1,1,0,고치세요  맛있게,
희래식당,1,1,0,"맛있네요  마라탕이랑 마라샹궈도, 크림새우가 맛있네요, 맛있네요  마라탕이랑",
희래식당,1,1,0,"맛있어요  새우는 초심을, 제일 맛있어요, 맛있어요  새우는, 맛있어요   그리고",
희래식당,2,2,0,한국적으로 맛있고,
희래식당,1,1,0,"신선한 맛이 절대, 남 신선한, 신선한 맛이",맛이 절대 아닌
희래식당,1,0,1,,서비스가 너무 엉망이예요
희래식당,1,0,1,,"맛이 아니라 강력한, 맛이 아니라"
희래식당,1,0,1,,"너무 맛없어요, 맛없어요 주문하구"
희래식당,1,0,1,,"없는 음식인데, 맛 없을수가 없는"
희래식당,1,1,0,크림새우 맛있어요,
희래식당,1,1,0,"맛있네요 마라탕은 하위권, 더 맛있네요, 맛있네요 마라탕은",
희래식당,1,0,1,는 맛있었음,"직원분들 한국인이 아니어서, 맛은 별로"
희래식당,1,0,1,,"직원들 매우 불친절, 다시는 안 감, 다시는 안"
희래식당,1,0,1,,"사장이 안에서 기다리는, 사장이 안에서"
희래식당,1,0,1,,사장의 배려인가 알수없는
희래식당,1,1,0,"젤 맛있, 맛있 크림새우도, 맛있 음",
희래식당,1,1,0,"맛있다 중국인 친구랑, 맛나면서 너무 맛있어서, 너무 맛있다, 너무 맛있고, 너무 맛있어서, 너무 맛있어했음, 맛있다 중국인, 맛있어서 다음에",
희래식당,1,1,0,"싱싱함  
함께 먹은, 재료들은 싱싱함, 싱싱함  
함께","맛이 나쁘진 않지만, 제일 맛없음"
희래식당,1,1,0,난 맛있었음,
희래식당,1,1,0,라공방보다 맛있다는,
희래식당,1,0,1,,음식 안드시는 분들은
신정 역삼동점,2,1,1,"맛이 좋네요  가격은, 맛이 좋네요",
신정 역삼동점,2,1,1,"분위기는 괜찮아서 걍, 분위기는 괜찮아서, 분위기는 괜찮아서 걍, 분위기는 괜찮아서",
신정 역삼동점,1,0,1,,음식 못 먹었을지
신정 역삼동점,1,0,1,,
신정 역삼동점,1,1,0,"촉촉해 다 말라삐틀어졋는데, 촉촉해 다",
신정 역삼동점,1,1,0,"최고비싼 곱창천골 접대한다고, 한국 최고비싼, 최고비싼 곱창천골",
신정 역삼동점,1,1,0,"맛있는 국수전골은 먹어볼만, 더 맛있는, 맛있는 국수전골은",
신정 역삼동점,1,1,0,"맛집  징기스칸의 최고봉, 맛이 중독성있다, 최고봉  그 어떤, 징기스칸의 최고봉, 최고봉  그",
신정 역삼동점,1,0,1,,
린카,1,1,0,"맛있어요  기본을 잘, 맛있어요  기본을",
동천홍 논현점,1,1,0,진짜 맛있음,
교토일식,1,1,0,"최고네요  더욱 번창하시길, 때마다 최고네요, 최고네요  더욱",
교토일식,1,1,0,분위기가 짱인곳,
라이라이,1,0,1,,"사장님 불친절  은근슬쩍, 사장님 불친절"
라이라이,1,1,0,맛있어요  직원분들도,
라이라이,2,0,2,가격만큼 맛있지는,"맛있지는 않은거같아요   비추에요, 맛있지는 않은거같아요"
라이라이,1,0,1,,최악의 음식점입니다
라이라이,1,0,1,,"직원 교육 똑바로, 다시는 안갈듯 합니다, 다시는 안갈듯"
라이라이,1,0,1,,손님이 맛없다고
라이라이,1,1,0,"맛있었습니다  해물이 많지는, 가격대비 맛있었습니다, 맛있었습니다  해물이",
라이라이,1,0,1,,
라이라이,1,0,1,,
청기와생고기,1,1,0,"맛있어요 고기도먹으러 가고싶어요, 아쥬 맛있어요, 맛있어요  제육복음, 맛있어요 고기도먹으러",
완산골명가 일원점,1,1,0,"맛이 있습니다  밥, 맛이 있습니다",
대청뼈다귀감자탕,1,1,0,맛이 좋았습니다,
신의주찹쌀순대,1,1,0,맛은 있음,
신의주찹쌀순대,1,0,1,,맛 다 별로임
신의주찹쌀순대,2,0,2,,"서비스도괜찮고좋았는데새로바뀌곤맛도서비스도몹쓸곳이되버림 그후론안가요, 맛도서비스도몹쓸곳이되버림 그후론안가요"
국대오리 일원점,1,1,0,오리 맛있고,
국대오리 일원점,1,1,0,"맛있어요진짜 엄청 친절하시고, 제일 맛있어요진짜, 맛있어요진짜 엄청",
국대오리 일원점,1,1,0,진짜 맛있어요,
국대오리 일원점,1,1,0,"맛있어요  샤브샤브랑 오리, 짱짱 맛있어요, 다 맛있게, 맛있어요  샤브샤브랑, 싱싱   삼성병원 있는",
국대오리 일원점,1,1,0,오리차돌박이 맛있어요,
함평한우장터,1,0,1,,"서비스개판에 가격 개판, 태반이에요   서비스개판에, 서비스개판에 가격"
함평한우장터,1,1,0,고기가 맛있다,
함평한우장터,2,0,2,,"서비스 개판   가격, 서비스 개판   가격"
함평한우장터,1,1,0,맛이 있는데,
함평한우장터,1,1,0,,
화통집 강남자곡점,1,0,1,,"오기인지
직원불친절한건, 직원불친절한건 자기가게"
화통집 강남자곡점,1,0,1,,직원 모두 불친절에
화통집 강남자곡점,1,0,1,,
무등산,2,2,0,가격빼고는 최고죠,
무등산,1,1,0,"회냉면이 최고인, 다 최고다, 최고인 힘흥냉면",
무등산,1,0,1,꽃등심중에 최고로,"최고로 맛없었던, 맛없었던 그곳, 최고로 맛없었던 그곳, 최고로 맛없었던"
옛날집 청담본점,1,0,1,,"직원교육 똑바로 시키세요, 직원교육 똑바로"
옛날집 청담본점,1,0,1,,
옛날집 청담본점,1,1,0,참 맛있게,
영천영화 청담점,1,0,1,,맛나요  갈비 안창
영천영화 청담점,2,1,1,맛은 좋음,서비스 마인드는 그닥이다
영천영화 청담점,1,1,0,"맛이 좋아 자주, 맛이 좋아",
영천영화 청담점,1,1,0,맛은 있었음,
영천영화 청담점,1,0,1,,"맛은 나쁘지않으나 가격이, 맛은 나쁘지않으나"
영천영화 청담점,2,1,1,맛은 매우 좋음,
영천영화 청담점,1,1,0,"맛있다  다시 생각나는, 담백하니 맛있다, 맛있다  다시",
영천영화 청담점,1,0,1,,기본적인 서비스가안되는집
영천영화 청담점,2,1,1,"맛있다  비쌀 수, 정말 맛있다, 맛있다  비쌀",
영천영화 청담점,1,1,0,"전문 맛있다, 맛있다  비싸다",
명인등심 본점,2,2,0,"직원분들 친절하시고, 갔을때 맛있게",
명인등심 본점,1,0,1,,"음식점 경험중 최악의, 안하는듯  음식점"
칠량,1,0,1,,음식은 형편없고
정성본 청담본점,1,1,0,맛있어요  직원들도,
정성본 청담본점,1,0,1,,직원까지 전부 불친절
정성본 청담본점,1,1,0,얼큰하게먹는것이 맛있다,
정성본 청담본점,1,1,0,"너무 맛있어요, 맛있어요    직원분들도",
청숫골보리밥쌈밥,1,0,1,,알바인가요  이런 형편없는
청숫골보리밥쌈밥,1,1,0,먹어요 맛있어요,
고센,2,1,1,좋아요  맛있기도,
고센,2,1,1,"와플은 맛있어요, 맛있어요  두번은",맛있어요  두번은 안갈
고센,1,0,1,,서비스 별로  물잔을
고센,1,0,1,,서비스가 아쉽다
고센,1,1,0,직원분들 매우 친절하시나,
고센,1,0,1,,"직원들 할많하않  교육, 직원들 할많하않"
고센,1,0,1,,"서비스는 기대하지 않는게, 알바생들 교육안되어있음"
고센,1,1,0,맛있는 것도,
고센,1,0,1,,서비스비 포함 아닌가
고센,1,1,0,"분위기는 좋아요  음식도, 분위기는 좋아요",
코리아하우스 청담본점,1,1,0,"맛있긴 함  뭐, 맛있긴 함",
청담갯벌장어 본점,1,1,0,맛은 있음,
청담갯벌장어 본점,1,1,0,맛있어요  가게도,
무교동유정낙지 청담점,1,1,0,"맛있어요  강남역에 있을, 낙지 맛있어요, 맛있어요  강남역에",
무교동유정낙지 청담점,1,1,0,"맛있어요  낙지볶음에 계란찜, 단골집  맛있어요, 맛있어요  낙지볶음에",
풍년참숯갈비,1,1,0,"다 맛있어서, 맛있어서 감동했어요, 더 부드럽네요, 부드럽네요  밑반찬도",
풍년참숯갈비,1,0,1,,
풍년참숯갈비,1,1,0,"맛있어요  엄마 모시고, 짜 맛있어요, 맛있어요  엄마",
풍년참숯갈비,1,0,1,,사장은 더 불친절하고
풍년참숯갈비,1,1,0,강추 맛있어요,
남도음식토말 본점,1,0,1,,"맛없어짐  좋아하던 식당이었는데, 맛없어짐  좋아하던"
남도음식토말 본점,1,1,0,다 맛있었어요,
남도음식토말 본점,1,0,1,,맛은 특별하지 않고
남도음식토말 본점,1,0,1,,사장님 너무 불친절
남도음식토말 본점,1,0,1,,"맛도별로  짠편  가격은, 맛도별로  짠편"
남도음식토말 본점,1,0,1,,"다시 가지는 않을거, 간이 너무 쎄네요, 음식인 점을 감안하더라도"
남도음식토말 본점,1,1,0,"맛이 좋다   진짜, 맛이 좋다",
본가신의주찹쌀순대,1,1,0,"맛은 있으나 포장비를, 맛은 있으나",
본가신의주찹쌀순대,1,1,0,더 맛있음,
남도랑,1,1,0,"맛있어요  반찬 하나하나, 좋겠는 맛집이예요, 맛있어요  반찬, 진짜 신선하고",
분틀 선릉점,2,1,1,"직원분들 친절하다  테이블, 직원분들 친절하다, 셔서 고소한, 고소한 기름이랑","맛이 안 난다, 맛이 안, 고소한 기름이랑 안"
분틀 선릉점,1,1,0,전부다 맛있네요,
주박사춘천닭갈비,2,2,0,"분위기좋은 닭갈비집   지금, 분위기좋은 닭갈비집, 너무 맛있을거, 맛있을거 같음",간간함 맥주 안
주박사춘천닭갈비,1,1,0,다 맛있음,
주박사춘천닭갈비,1,1,0,"맛있네요  인공조미료 맛이, 엄청 맛있네요, 맛있네요  인공조미료",맛이 안나
주박사춘천닭갈비,2,2,0,"분위기좋은 닭갈비집   지금, 분위기좋은 닭갈비집, 너무 맛있을거, 맛있을거 같음",간간함 맥주 안
주박사춘천닭갈비,1,1,0,다 맛있음,
주박사춘천닭갈비,1,1,0,"맛있네요  인공조미료 맛이, 엄청 맛있네요, 맛있네요  인공조미료",맛이 안나
남도사계고운님,1,1,0,"맛있고요    집앞이라서 자주, 맛있고요    집앞이라서",
남도사계고운님,1,1,0,"맛있는 반찬들 많이주고, 맛있어요  추천    단, 맛있는 반찬들, 맛있어요  추천",
남도사계고운님,1,1,0,매운탕 맛있음,
고운님한우곱창,2,1,1,"곱창 맛있었어요, 맛있었어요 근데",
고운님한우곱창,1,0,1,,음식 들어가는 안쪽으로
정참치,1,0,1,,"서비스가 최악 쟁반도, 서비스 마인드까지 없음, 서비스가 최악"
정참치,2,2,0,"사장님 엄청 친절하시고, 엄청 부드럽습니다, 부드럽습니다 서비스도",
정참치,1,1,0,정말 맛있게,
대봉집 신사본점,1,1,0,소스가 맛있고,
대봉집 신사본점,2,2,0,"알바분이 너무 친절하세요, 삼겹은 맛있었는데",
대봉집 신사본점,1,1,0,"맛있어요 껍데기 짱맛탱, 맛있어요 껍데기",
대봉집 신사본점,1,1,0,"맛있더라 특히 껍데기가, 맛있더라 특히",
청자매운갈비찜 신사점,2,2,0,똑같이 맛있던데,
청자매운갈비찜 신사점,2,0,2,맛이나구요 양념이 베어있는지더,"안가요   알바쓰는것도, 맛없습니다 너무너무 맛없어요, 맛이없어요 살다가 이렇게, 맛없는 집은 처음보는데, 맛이 많이나서 맛없다는게, 가지마세요  맛없습니다, 너무너무 맛없어요, 너무 맛이없어요, 많이나서 맛없다는게, 맛없습니다 너무너무, 맛없어요
소갈비찜에서, 맛이없어요 살다가, 맛없는 집은"
청자매운갈비찜 신사점,1,0,1,"이곳이 맛있다고, 베어있는 맛이","다시는 안가요, 맛이 아니에요  그리고, 맛 없어요  왜, 맛이 아니에요"
청자매운갈비찜 신사점,1,0,1,,"맛없습니다  너무 달고, 돼지찜 맛없습니다, 맛없습니다  너무"
청자매운갈비찜 신사점,1,0,1,,"스럽네요   맛없어서, 맛없어서 남기고"
청자매운갈비찜 신사점,1,1,0,들어 맛있지만,
청자매운갈비찜 신사점,1,1,0,매력있는 맛집이다,
압구정하루,1,1,0,"맛있어요 다른 곳이랑, 정말 맛있어요, 맛있어요 다른",
압구정하루,1,1,0,밥이 맛있고,
압구정하루,1,0,1,,않은 맛이지만
압구정하루,1,1,0,녹아요 맛있음,
압구정하루,1,0,1,"카레 맛있고, 쯔유국물 맛있음","맛없어서 별점 한개, 와사비가 맛없어서, 맛없어서 별점"
압구정하루,1,1,0,신속정확 맛있어욤,
압구정하루,1,1,0,역시 맛있네요,
압구정하루,1,1,0,그냥 맛있던데요,
압구정하루,1,1,0,"맛있네요   다른 메뉴들은, 맛있어요       집에 왔는데도, 진짜 맛있네요, 배어있어서 맛있어요, 맛있네요   다른, 맛있어요       집에",
압구정하루,1,0,1,,맛은 아니지만
압구정하루,1,1,0,"맛있습니다  개운한 맛의, 굉장히 맛있습니다, 맛있습니다  개운한, 최고였습니다  괜히 맛집인, 함께하여 최고였습니다, 최고였습니다  괜히",맛집인 이유가 아니죠
압구정하루,1,1,0,"맛있는 돈까스집이 정말, 압구정엔 맛있는, 맛있는 돈까스집이",
압구정하루,1,1,0,맛집은 이유가 있는것,
압구정하루,1,1,0,"맛있는 맛은, 그냥 맛있어요, 맛있는 맛은, 맛있어요       왜지",맛있는 맛은 아닌데
압구정하루,1,1,0,"맛있습니다  십년넘도록 찾았었구요, 맛있습니다  십년넘도록",
압구정하루,2,1,1,"맛있는 돈까스 모밀, 맛있는 돈까스",
압구정하루,1,1,0,"맛있는 모밀  따뜻하고, 맛있는 모밀",
압구정하루,1,1,0,"최고의 맛 모밀이, 최고의 맛",
압구정하루,2,2,0,"가격에 맛있어서, 맛있어서 기분좋고",
압구정하루,1,1,0,진짜 맛있음,
압구정하루,1,1,0,"맛있어요    대단한 맛은, 맛있어요    대단한",맛은 아니지만
압구정하루,1,1,0,"맛있는 모밀집  가격도, 제일 맛있는, 맛있는 모밀집",
압구정하루,1,1,0,"맛있어요 둘이 가서, 맛있어요 둘이",
압구정하루,1,0,1,,"맛이 없진 않지만, 맛이 없진"
압구정하루,1,1,0,"여전히 맛있다, 맛있다   냉모밀",
압구정하루,2,1,1,돈가스가 맛있음,
압구정하루,1,1,0,맛은 있는데,
압구정하루,1,1,0,"맛있다앙     줄이 길긴, 냉모밀 맛있다앙, 맛있다앙     줄이",
강남샤오츠,1,1,0,"맛있어요 짜장  탕슉, 진짜 맛있어요, 맛있어요 짜장",
강남샤오츠,1,1,0,"맛있을 것 같아요, 짜장면이 맛있어요, 다 맛있을, 맛있을 것","맛있어요  안 먹어봐도, 맛있어요  안"
그림나베 학동역점,1,1,0,"학동점이 최고인듯, 최고인듯   국물도",
그림나베 학동역점,2,2,0,"사장님이 정말 친절하세요, 점심식사로 맛있고",
그림나베 학동역점,1,1,0,"맛있어요 친절하십니다 또, 맛있어요 친절하십니다",
그림나베 학동역점,2,2,0,"서비스가 굉장히 좋습니다, 여기는 맛있긴한데",
한방대가삼계탕,1,0,1,,"맛남   안 익은건, 맛 없단 소리, 맛남   안"
한방대가삼계탕,1,1,0,"맛있는 삼계탕  특히, 맛있는 삼계탕",
한방대가삼계탕,1,1,0,맛있었어요 푸짐하고,
한방대가삼계탕,1,1,0,때는 맛있었는데,
한방대가삼계탕,1,0,1,,정말 맛없고
한방대가삼계탕,1,1,0,맛은 좋고,
한방대가삼계탕,1,1,0,"맛있어서 참아오  내일, 맛있어서 참아오",
교대이층집 강남역점,1,1,0,된장찌개 맛있음,
교대이층집 강남역점,1,1,0,맛있게먹었다 융숭한대접에감사한다,
교대이층집 강남역점,1,1,0,만족  인테리어나,
교대이층집 강남역점,1,1,0,"맛있네요  후식 아이스크림도, 다 맛있네요, 맛있네요  후식",
교대이층집 강남역점,1,1,0,"질좋은고기와 맛있는음식을, 맛있는음식을 먹으며, 곳으로 최고의장소다",
교대이층집 강남역점,1,1,0,맛있네요  고기도,
교대이층집 강남역점,1,1,0,"맛있다  명이나물과 와사비도, 맛있다  명이나물과",
교대이층집 강남역점,1,1,0,분위기 아주 좋네요,
교대이층집 강남역점,1,0,1,,직원 싸가지 없는건
교대이층집 강남역점,1,0,1,,사장이 엄청 불친절
교대이층집 강남역점,1,1,0,있는 맛입니다,
교대이층집 강남역점,1,1,0,"최고의 고깃집 왠만해선, 간곳중에 최고의, 최고의 고깃집",
교대이층집 강남역점,1,1,0,보다 맛있음,
광양불고기수서,1,0,1,,직원은 정말 불친절하고
광양불고기수서,1,0,1,,직원들이 너무 불친절하고
광양불고기수서,1,1,0,맛있어요   친절하고,
광양불고기수서,1,0,1,,"직원들이 불친절합니다  두번갔는데, 직원들이 불친절합니다"
닭갈비두목,1,1,0,제일 맛있어요,
닭갈비두목,2,2,0,"맛있어요  매운 거, 일단 맛있어요, 맛있어요  매운",
닭갈비두목,1,1,0,진짜 맛있고,
닭갈비두목,2,2,0,"맛있던건 처음이네요  닭가비는, 닭이 맛있던건, 맛있던건 처음이네요",
닭갈비두목,1,1,0,"사장님 친절함  근데, 사장님 친절함",
향촌면옥,1,1,0,맛 있습니다  항상,
문클리닉,1,1,0,좋았어요  서비스도,
문클리닉,1,1,0,인테리어 진짜 이쁘게,
문클리닉,1,1,0,"촉촉함 최고에요  받는, 촉촉함 최고에요, 촉촉함 최고에요, 최고에요  받는",최고에요  받는 동안
문클리닉,1,1,0,간 맞춰서 갔는데,
문클리닉,1,1,0,직원들이 전체적으로 친절,
문클리닉,1,1,0,직원분들 모두 친절하시고,
현복집 논현본점,1,0,1,,없이 맛나네요
현복집 논현본점,1,1,0,맛  그냥   최고,
옛날집 도산사거리점,1,1,0,젓갈백반 맛있게,
새마을식당 압구정역점,1,0,1,,맛은 안나고
메밀연가,1,1,0,"진심 맛있구요, 완전 맛있는디, 맛있구요    보쌈도",
메밀연가,1,1,0,음식맛이 깔끔하고,
메밀연가,1,0,1,,맛은 별로였슴
메밀연가,1,0,1,,맛이 별로다
뱃고동,1,1,0,"맛있어요 특히 오징어튀김이, 진짜 맛있어요, 맛있어요 특히",
뱃고동,2,1,1,"맛있으니     맛은 있어도, 어딜가나 맛있으니, 맛있으니     맛은",직원들 정말 불친절해요
뱃고동,1,1,0,가성비 최고에요,
뱃고동,1,1,0,"신선한 낚지와 오징어를, 우수함  신선한, 신선한 낚지와",
뱃고동,1,0,1,,불친절 맛도없음
뱃고동,1,1,0,정말 맛있고,
뱃고동,1,0,1,,"맛은 나쁘지 않았고, 맛이 나쁘지 않아서"
뱃고동,1,0,1,,없어질 음식점
뱃고동,1,1,0,저는 맛있게,
뱃고동,1,1,0,"맛은 있으나 땅값, 맛은 있으나",
뱃고동,1,0,1,,"맛은 아니라서 쏘쏘에요, 맛은 아니라서"
뱃고동,1,0,1,,"짜다  오징어불고기 세팅도, 짜다  오징어불고기 세팅도"
뱃고동,1,1,0,맛있으나 불친절,
뱃고동,2,1,1,"맛은 있단 얘기인것, 같아요  맛있습니다, 맛은 있단, 맛있습니다  맛있어요","서비스가 안좋다는 말이, 서비스가 안좋다는"
뱃고동,1,0,1,다시 방문하게됨 친절함은,직원이 한결같이 불친절하시니까요
뱃고동,1,0,1,,직원들 마스크 안써서
뱃고동,1,0,1,,서비스 최악 아줌마들
뱃고동,1,1,0,오징어 맛있어욤,
뱃고동,1,1,0,"맛은 맛있엇어요 맛은, 맛있엇어요 맛은, 맛은 맛있엇어요",
뱃고동,1,1,0,맛은 있는데,
뱃고동,2,1,1,맛있데서 시켰는데,
뱃고동,1,1,0,맛있어요    조개탕도,
뱃고동,2,2,0,"맛있는지는   점심시간때는 여전히, 예전만큼 맛있는지는, 가격으로 맛볼수있음, 볶음밥이 맛있음, 맛있는지는   점심시간때는",
우림황소양곱창 본점,1,1,0,"맛있어요 대창 염통, 맛있어요 대창",
우림황소양곱창 본점,2,1,1,맛은 있는데,
우림황소양곱창 본점,1,1,0,슝  맛있게,
우림황소양곱창 본점,1,1,0,"넘넘 맛있게, 맛있어요 찐입니다",
우림황소양곱창 본점,1,1,0,"사장님 맛있어요, 최고인듯   사장님 맛있어요, 이집이 최고인듯, 최고인듯   사장님",
우림황소양곱창 본점,1,1,0,"맛있기라도하던가 내가 먹어본, 맛있기라도하던가 내가",
우림황소양곱창 본점,1,0,1,,간에 사람이 없었을
우림황소양곱창 본점,1,0,1,,
우림황소양곱창 본점,1,1,0,맛은 있음,
우림황소양곱창 본점,1,0,1,,가지마라 맛도없음
우림황소양곱창 본점,2,2,0,"맛있나요  차라리 맞은, 여기가 맛있나요, 맛있나요  차라리",
우림황소양곱창 본점,1,1,0,여기서는 맛있게,
우림황소양곱창 본점,1,0,1,,가지마라 맛도없음
우림황소양곱창 본점,2,2,0,"맛있나요  차라리 맞은, 여기가 맛있나요, 맛있나요  차라리",
텐파마라탕마라샹꿔,1,1,0,음식은 맛있는데,
텐파마라탕마라샹꿔,1,1,0,매번 맛있어요,
텐파마라탕마라샹꿔,1,1,0,"맛있어용  이번엔 담백한맛먹었는데, 넘 맛있어용, 맛있어용  이번엔",
다정한상,1,1,0,,
양인환대,2,0,2,,"직원들 불친절하다던데, 직원들 불친절하다던데"
양인환대,2,1,1,"최고다  서비스 난, 다른전문점보다 최고다, 최고다  서비스",
양인환대,1,1,0,양등심 맛있었고,
양인환대,2,1,1,"맛은 있죠 근데, 맛은 있죠","서비스가 최악이에요 비싼, 서비스가 최악이에요"
양인환대,1,0,1,,
양인환대,1,1,0,진짜 맛있음,
양인환대,1,0,1,,안남  서비스가
양인환대,1,0,1,,
대아부대찌개,1,1,0,맛이 있는데,
취원,1,1,0,"언제나 맛있게, 최고예요 언제나 맛있게, 최고예요 언제나",
백년육일집,1,1,0,"맛있습니다 일반보단 특곰탕, 곰탕 맛있습니다, 맛있습니다 일반보단",
백년육일집,1,1,0,"맛있다  개인적으로 고기, 맛있다  개인적으로, 맛있다  다만",
대찬횟집,1,1,0,사장님이 맛있게,
대찬횟집,1,1,0,"고소하니 맛있네요, 맛있네요  새우구이도, 맛있어요  그런데, 고소하니 맛있네요  새우구이도, 회가 고소하니, 고소하니 맛있네요",
대찬횟집,1,1,0,쫄깃 싱싱해요,
아선재,1,1,0,맛있었어요 서빙하시는분도,
아선재,1,1,0,음식은 맛있었고,
아선재,1,1,0,"맛있어요  손님 접대용으로, 아주 맛있어요, 맛있어요  손님, 최고에요   정갈하게, 접대용으로 최고입니다, 최고에요   정갈하게",
아선재,1,0,1,,않나   음식은
아선재,2,1,1,"맛있는 음식이 일품인것같습니다, 가격과 맛있는, 맛있는 음식이",
아선재,1,0,1,서비스는 나쁘지 않아요,"서비스는 나쁘지, 서비스는 나쁘지"
애란궁,1,1,0,아내가 맛있다고,
애란궁,1,1,0,"최고입니다              샤브에 말아먹는, 감히 최고입니다, 최고입니다              샤브에",
첨벙아구찜 신사본점,2,0,2,,음식과 분위기는 안
첨벙아구찜 신사본점,1,0,1,,"맛이 없어지던데요  
그래서, 다 맛없고, 맛이 없어지던데요, 맛집은 아니라는거"
첨벙아구찜 신사본점,1,1,0,"모두 맛있고, 맛 맛있어요",
영동곱창,1,1,0,"맛있어요     얼마전에 방문했는데, 맛있어요     얼마전에, 최고입니다 조만간 다른, 최고입니다 조만간",
영동곱창,1,1,0,"맛있어요  점심에는 가정식백반만하고, 너무 맛있어요, 맛있어요  점심에는",
영동올뱅이집,1,1,0,"밑반찬이 맛있으면, 더 맛있게",
영동올뱅이집,1,0,1,,"맛이 변함없이 최고에요, 맛이 변함없이, 변함없이 최고에요"
그랜드인터컨티넨탈 서울파르나스 그랜드키친,2,1,1,"음식 맛있고, 양갈비 맛있대서, 맛있대서 기대했는데",
그랜드인터컨티넨탈 서울파르나스 그랜드키친,1,0,1,,
그랜드인터컨티넨탈 서울파르나스 그랜드키친,1,1,0,"맛있는 음식이 있는, 만든 맛있는, 충격적으로 맛있었습니다, 맛있는 음식이",
그랜드인터컨티넨탈 서울파르나스 그랜드키친,1,1,0,"맛있는 식사제공과 함께, 맛있는 식사제공과, 어디가나 최고죠, 최고죠  근데",
그랜드인터컨티넨탈 서울파르나스 그랜드키친,1,1,0,다 맛있음,
그랜드인터컨티넨탈 서울파르나스 그랜드키친,1,1,0,분위기는 좋아요,
그랜드인터컨티넨탈 서울파르나스 그랜드키친,1,1,0,제일 맛있음,
그랜드인터컨티넨탈 서울파르나스 그랜드키친,1,1,0,"다 맛있어서, 맛있어서 그거먹다, 신라가 최고라는데, 여기가 최고였고","그거먹다 음식못먹음, 맛있어서 그거먹다 음식못먹음"
그랜드인터컨티넨탈 서울파르나스 그랜드키친,1,1,0,다 맛있음,
그랜드인터컨티넨탈 서울파르나스 그랜드키친,1,1,0,와플 최고네욧,
그랜드인터컨티넨탈 서울파르나스 그랜드키친,1,1,0,다 맛있음,
그랜드인터컨티넨탈 서울파르나스 그랜드키친,1,1,0,와플 최고네욧,
행복추풍령칼삼겹살 압구정점,1,0,1,맛은 있는데,"맛은 아니라서 이렇게, 맛은 아니라서"
행복추풍령칼삼겹살 압구정점,1,1,0,"맛있어서 기영이마냥 먹게되는, 넘 맛있어서, 맛있어서 기영이마냥",
행복추풍령칼삼겹살 압구정점,1,1,0,넘 맛있어요,
행복추풍령칼삼겹살 압구정점,1,1,0,"맛있어요 육즙 팡팡, 때마다 맛있어요, 맛있어요 육즙",
